--------------------------------------------------------
--  File created - Thursday-May-21-2015   
--------------------------------------------------------
--------------------------------------------------------
--  DDL for Sequence AUTH_GROUP_PERMISSIONS_SQ
--------------------------------------------------------

   CREATE SEQUENCE  "TOURISTBUDDY"."AUTH_GROUP_PERMISSIONS_SQ"  MINVALUE 1 MAXVALUE 9999999999999999999999999999 INCREMENT BY 1 START WITH 1 CACHE 20 NOORDER  NOCYCLE ;
--------------------------------------------------------
--  DDL for Sequence AUTH_GROUP_SQ
--------------------------------------------------------

   CREATE SEQUENCE  "TOURISTBUDDY"."AUTH_GROUP_SQ"  MINVALUE 1 MAXVALUE 9999999999999999999999999999 INCREMENT BY 1 START WITH 1 CACHE 20 NOORDER  NOCYCLE ;
--------------------------------------------------------
--  DDL for Sequence AUTH_PERMISSION_SQ
--------------------------------------------------------

   CREATE SEQUENCE  "TOURISTBUDDY"."AUTH_PERMISSION_SQ"  MINVALUE 1 MAXVALUE 9999999999999999999999999999 INCREMENT BY 1 START WITH 49 CACHE 20 NOORDER  NOCYCLE ;
--------------------------------------------------------
--  DDL for Sequence AUTH_USER_GROUPS_SQ
--------------------------------------------------------

   CREATE SEQUENCE  "TOURISTBUDDY"."AUTH_USER_GROUPS_SQ"  MINVALUE 1 MAXVALUE 9999999999999999999999999999 INCREMENT BY 1 START WITH 1 CACHE 20 NOORDER  NOCYCLE ;
--------------------------------------------------------
--  DDL for Sequence AUTH_USER_SQ
--------------------------------------------------------

   CREATE SEQUENCE  "TOURISTBUDDY"."AUTH_USER_SQ"  MINVALUE 1 MAXVALUE 9999999999999999999999999999 INCREMENT BY 1 START WITH 1 CACHE 20 NOORDER  NOCYCLE ;
--------------------------------------------------------
--  DDL for Sequence AUTH_USER_USER_PERMISSIONS_SQ
--------------------------------------------------------

   CREATE SEQUENCE  "TOURISTBUDDY"."AUTH_USER_USER_PERMISSIONS_SQ"  MINVALUE 1 MAXVALUE 9999999999999999999999999999 INCREMENT BY 1 START WITH 1 CACHE 20 NOORDER  NOCYCLE ;
--------------------------------------------------------
--  DDL for Sequence DJANGO_ADMIN_LOG_SQ
--------------------------------------------------------

   CREATE SEQUENCE  "TOURISTBUDDY"."DJANGO_ADMIN_LOG_SQ"  MINVALUE 1 MAXVALUE 9999999999999999999999999999 INCREMENT BY 1 START WITH 1 CACHE 20 NOORDER  NOCYCLE ;
--------------------------------------------------------
--  DDL for Sequence DJANGO_CONTENT_TYPE_SQ
--------------------------------------------------------

   CREATE SEQUENCE  "TOURISTBUDDY"."DJANGO_CONTENT_TYPE_SQ"  MINVALUE 1 MAXVALUE 9999999999999999999999999999 INCREMENT BY 1 START WITH 17 CACHE 20 NOORDER  NOCYCLE ;
--------------------------------------------------------
--  DDL for Sequence DJANGO_MIGRATIONS_SQ
--------------------------------------------------------

   CREATE SEQUENCE  "TOURISTBUDDY"."DJANGO_MIGRATIONS_SQ"  MINVALUE 1 MAXVALUE 9999999999999999999999999999 INCREMENT BY 1 START WITH 12 CACHE 20 NOORDER  NOCYCLE ;
--------------------------------------------------------
--  DDL for Sequence LOCATION_SEQ
--------------------------------------------------------

   CREATE SEQUENCE  "TOURISTBUDDY"."LOCATION_SEQ"  MINVALUE 1 MAXVALUE 9999999999999999999999999999 INCREMENT BY 1 START WITH 12 CACHE 20 NOORDER  NOCYCLE ;
--------------------------------------------------------
--  DDL for Table ADJACENT
--------------------------------------------------------

  CREATE TABLE "TOURISTBUDDY"."ADJACENT" 
   (	"SOURCE_ID" VARCHAR2(20 BYTE), 
	"DEST_ID" VARCHAR2(20 BYTE), 
	"DISTANCE_IN_KM" NUMBER
   ) SEGMENT CREATION IMMEDIATE 
  PCTFREE 10 PCTUSED 40 INITRANS 1 MAXTRANS 255 NOCOMPRESS LOGGING
  STORAGE(INITIAL 65536 NEXT 1048576 MINEXTENTS 1 MAXEXTENTS 2147483645
  PCTINCREASE 0 FREELISTS 1 FREELIST GROUPS 1 BUFFER_POOL DEFAULT FLASH_CACHE DEFAULT CELL_FLASH_CACHE DEFAULT)
  TABLESPACE "SYSTEM" ;
--------------------------------------------------------
--  DDL for Table AUTH_GROUP
--------------------------------------------------------

  CREATE TABLE "TOURISTBUDDY"."AUTH_GROUP" 
   (	"ID" NUMBER(11,0), 
	"NAME" NVARCHAR2(80)
   ) SEGMENT CREATION IMMEDIATE 
  PCTFREE 10 PCTUSED 40 INITRANS 1 MAXTRANS 255 NOCOMPRESS LOGGING
  STORAGE(INITIAL 65536 NEXT 1048576 MINEXTENTS 1 MAXEXTENTS 2147483645
  PCTINCREASE 0 FREELISTS 1 FREELIST GROUPS 1 BUFFER_POOL DEFAULT FLASH_CACHE DEFAULT CELL_FLASH_CACHE DEFAULT)
  TABLESPACE "SYSTEM" ;
--------------------------------------------------------
--  DDL for Table AUTH_GROUP_PERMISSIONS
--------------------------------------------------------

  CREATE TABLE "TOURISTBUDDY"."AUTH_GROUP_PERMISSIONS" 
   (	"ID" NUMBER(11,0), 
	"GROUP_ID" NUMBER(11,0), 
	"PERMISSION_ID" NUMBER(11,0)
   ) SEGMENT CREATION IMMEDIATE 
  PCTFREE 10 PCTUSED 40 INITRANS 1 MAXTRANS 255 NOCOMPRESS LOGGING
  STORAGE(INITIAL 65536 NEXT 1048576 MINEXTENTS 1 MAXEXTENTS 2147483645
  PCTINCREASE 0 FREELISTS 1 FREELIST GROUPS 1 BUFFER_POOL DEFAULT FLASH_CACHE DEFAULT CELL_FLASH_CACHE DEFAULT)
  TABLESPACE "SYSTEM" ;
--------------------------------------------------------
--  DDL for Table AUTH_PERMISSION
--------------------------------------------------------

  CREATE TABLE "TOURISTBUDDY"."AUTH_PERMISSION" 
   (	"ID" NUMBER(11,0), 
	"NAME" NVARCHAR2(255), 
	"CONTENT_TYPE_ID" NUMBER(11,0), 
	"CODENAME" NVARCHAR2(100)
   ) SEGMENT CREATION IMMEDIATE 
  PCTFREE 10 PCTUSED 40 INITRANS 1 MAXTRANS 255 NOCOMPRESS LOGGING
  STORAGE(INITIAL 65536 NEXT 1048576 MINEXTENTS 1 MAXEXTENTS 2147483645
  PCTINCREASE 0 FREELISTS 1 FREELIST GROUPS 1 BUFFER_POOL DEFAULT FLASH_CACHE DEFAULT CELL_FLASH_CACHE DEFAULT)
  TABLESPACE "SYSTEM" ;
--------------------------------------------------------
--  DDL for Table AUTH_USER
--------------------------------------------------------

  CREATE TABLE "TOURISTBUDDY"."AUTH_USER" 
   (	"ID" NUMBER(11,0), 
	"PASSWORD" NVARCHAR2(128), 
	"LAST_LOGIN" TIMESTAMP (6), 
	"IS_SUPERUSER" NUMBER(1,0), 
	"USERNAME" NVARCHAR2(30), 
	"FIRST_NAME" NVARCHAR2(30), 
	"LAST_NAME" NVARCHAR2(30), 
	"EMAIL" NVARCHAR2(254), 
	"IS_STAFF" NUMBER(1,0), 
	"IS_ACTIVE" NUMBER(1,0), 
	"DATE_JOINED" TIMESTAMP (6)
   ) SEGMENT CREATION IMMEDIATE 
  PCTFREE 10 PCTUSED 40 INITRANS 1 MAXTRANS 255 NOCOMPRESS LOGGING
  STORAGE(INITIAL 65536 NEXT 1048576 MINEXTENTS 1 MAXEXTENTS 2147483645
  PCTINCREASE 0 FREELISTS 1 FREELIST GROUPS 1 BUFFER_POOL DEFAULT FLASH_CACHE DEFAULT CELL_FLASH_CACHE DEFAULT)
  TABLESPACE "SYSTEM" ;
--------------------------------------------------------
--  DDL for Table AUTH_USER_GROUPS
--------------------------------------------------------

  CREATE TABLE "TOURISTBUDDY"."AUTH_USER_GROUPS" 
   (	"ID" NUMBER(11,0), 
	"USER_ID" NUMBER(11,0), 
	"GROUP_ID" NUMBER(11,0)
   ) SEGMENT CREATION IMMEDIATE 
  PCTFREE 10 PCTUSED 40 INITRANS 1 MAXTRANS 255 NOCOMPRESS LOGGING
  STORAGE(INITIAL 65536 NEXT 1048576 MINEXTENTS 1 MAXEXTENTS 2147483645
  PCTINCREASE 0 FREELISTS 1 FREELIST GROUPS 1 BUFFER_POOL DEFAULT FLASH_CACHE DEFAULT CELL_FLASH_CACHE DEFAULT)
  TABLESPACE "SYSTEM" ;
--------------------------------------------------------
--  DDL for Table AUTH_USER_USER_PERMISSIONS
--------------------------------------------------------

  CREATE TABLE "TOURISTBUDDY"."AUTH_USER_USER_PERMISSIONS" 
   (	"ID" NUMBER(11,0), 
	"USER_ID" NUMBER(11,0), 
	"PERMISSION_ID" NUMBER(11,0)
   ) SEGMENT CREATION IMMEDIATE 
  PCTFREE 10 PCTUSED 40 INITRANS 1 MAXTRANS 255 NOCOMPRESS LOGGING
  STORAGE(INITIAL 65536 NEXT 1048576 MINEXTENTS 1 MAXEXTENTS 2147483645
  PCTINCREASE 0 FREELISTS 1 FREELIST GROUPS 1 BUFFER_POOL DEFAULT FLASH_CACHE DEFAULT CELL_FLASH_CACHE DEFAULT)
  TABLESPACE "SYSTEM" ;
--------------------------------------------------------
--  DDL for Table DISTRICTS
--------------------------------------------------------

  CREATE TABLE "TOURISTBUDDY"."DISTRICTS" 
   (	"DIST_ID" VARCHAR2(20 BYTE), 
	"DIST_NAME" VARCHAR2(20 BYTE)
   ) SEGMENT CREATION IMMEDIATE 
  PCTFREE 10 PCTUSED 40 INITRANS 1 MAXTRANS 255 NOCOMPRESS LOGGING
  STORAGE(INITIAL 65536 NEXT 1048576 MINEXTENTS 1 MAXEXTENTS 2147483645
  PCTINCREASE 0 FREELISTS 1 FREELIST GROUPS 1 BUFFER_POOL DEFAULT FLASH_CACHE DEFAULT CELL_FLASH_CACHE DEFAULT)
  TABLESPACE "SYSTEM" ;
--------------------------------------------------------
--  DDL for Table DJANGO_ADMIN_LOG
--------------------------------------------------------

  CREATE TABLE "TOURISTBUDDY"."DJANGO_ADMIN_LOG" 
   (	"ID" NUMBER(11,0), 
	"ACTION_TIME" TIMESTAMP (6), 
	"OBJECT_ID" NCLOB, 
	"OBJECT_REPR" NVARCHAR2(200), 
	"ACTION_FLAG" NUMBER(11,0), 
	"CHANGE_MESSAGE" NCLOB, 
	"CONTENT_TYPE_ID" NUMBER(11,0), 
	"USER_ID" NUMBER(11,0)
   ) SEGMENT CREATION IMMEDIATE 
  PCTFREE 10 PCTUSED 40 INITRANS 1 MAXTRANS 255 NOCOMPRESS LOGGING
  STORAGE(INITIAL 65536 NEXT 1048576 MINEXTENTS 1 MAXEXTENTS 2147483645
  PCTINCREASE 0 FREELISTS 1 FREELIST GROUPS 1 BUFFER_POOL DEFAULT FLASH_CACHE DEFAULT CELL_FLASH_CACHE DEFAULT)
  TABLESPACE "SYSTEM" 
 LOB ("OBJECT_ID") STORE AS BASICFILE (
  TABLESPACE "SYSTEM" ENABLE STORAGE IN ROW CHUNK 8192 RETENTION 
  NOCACHE LOGGING 
  STORAGE(INITIAL 65536 NEXT 1048576 MINEXTENTS 1 MAXEXTENTS 2147483645
  PCTINCREASE 0 FREELISTS 1 FREELIST GROUPS 1 BUFFER_POOL DEFAULT FLASH_CACHE DEFAULT CELL_FLASH_CACHE DEFAULT)) 
 LOB ("CHANGE_MESSAGE") STORE AS BASICFILE (
  TABLESPACE "SYSTEM" ENABLE STORAGE IN ROW CHUNK 8192 RETENTION 
  NOCACHE LOGGING 
  STORAGE(INITIAL 65536 NEXT 1048576 MINEXTENTS 1 MAXEXTENTS 2147483645
  PCTINCREASE 0 FREELISTS 1 FREELIST GROUPS 1 BUFFER_POOL DEFAULT FLASH_CACHE DEFAULT CELL_FLASH_CACHE DEFAULT)) ;
--------------------------------------------------------
--  DDL for Table DJANGO_CONTENT_TYPE
--------------------------------------------------------

  CREATE TABLE "TOURISTBUDDY"."DJANGO_CONTENT_TYPE" 
   (	"ID" NUMBER(11,0), 
	"APP_LABEL" NVARCHAR2(100), 
	"MODEL" NVARCHAR2(100)
   ) SEGMENT CREATION IMMEDIATE 
  PCTFREE 10 PCTUSED 40 INITRANS 1 MAXTRANS 255 NOCOMPRESS LOGGING
  STORAGE(INITIAL 65536 NEXT 1048576 MINEXTENTS 1 MAXEXTENTS 2147483645
  PCTINCREASE 0 FREELISTS 1 FREELIST GROUPS 1 BUFFER_POOL DEFAULT FLASH_CACHE DEFAULT CELL_FLASH_CACHE DEFAULT)
  TABLESPACE "SYSTEM" ;
--------------------------------------------------------
--  DDL for Table DJANGO_MIGRATIONS
--------------------------------------------------------

  CREATE TABLE "TOURISTBUDDY"."DJANGO_MIGRATIONS" 
   (	"ID" NUMBER(11,0), 
	"APP" NVARCHAR2(255), 
	"NAME" NVARCHAR2(255), 
	"APPLIED" TIMESTAMP (6)
   ) SEGMENT CREATION IMMEDIATE 
  PCTFREE 10 PCTUSED 40 INITRANS 1 MAXTRANS 255 NOCOMPRESS LOGGING
  STORAGE(INITIAL 65536 NEXT 1048576 MINEXTENTS 1 MAXEXTENTS 2147483645
  PCTINCREASE 0 FREELISTS 1 FREELIST GROUPS 1 BUFFER_POOL DEFAULT FLASH_CACHE DEFAULT CELL_FLASH_CACHE DEFAULT)
  TABLESPACE "SYSTEM" ;
--------------------------------------------------------
--  DDL for Table DJANGO_SESSION
--------------------------------------------------------

  CREATE TABLE "TOURISTBUDDY"."DJANGO_SESSION" 
   (	"SESSION_KEY" NVARCHAR2(40), 
	"SESSION_DATA" NCLOB, 
	"EXPIRE_DATE" TIMESTAMP (6)
   ) SEGMENT CREATION IMMEDIATE 
  PCTFREE 10 PCTUSED 40 INITRANS 1 MAXTRANS 255 NOCOMPRESS LOGGING
  STORAGE(INITIAL 65536 NEXT 1048576 MINEXTENTS 1 MAXEXTENTS 2147483645
  PCTINCREASE 0 FREELISTS 1 FREELIST GROUPS 1 BUFFER_POOL DEFAULT FLASH_CACHE DEFAULT CELL_FLASH_CACHE DEFAULT)
  TABLESPACE "SYSTEM" 
 LOB ("SESSION_DATA") STORE AS BASICFILE (
  TABLESPACE "SYSTEM" ENABLE STORAGE IN ROW CHUNK 8192 RETENTION 
  NOCACHE LOGGING 
  STORAGE(INITIAL 65536 NEXT 1048576 MINEXTENTS 1 MAXEXTENTS 2147483645
  PCTINCREASE 0 FREELISTS 1 FREELIST GROUPS 1 BUFFER_POOL DEFAULT FLASH_CACHE DEFAULT CELL_FLASH_CACHE DEFAULT)) ;
--------------------------------------------------------
--  DDL for Table GUIDES
--------------------------------------------------------

  CREATE TABLE "TOURISTBUDDY"."GUIDES" 
   (	"GUIDE_ID" VARCHAR2(20 BYTE), 
	"GUIDE_NAME" VARCHAR2(80 BYTE), 
	"LOCATION_ID" VARCHAR2(20 BYTE), 
	"CONTACT_NO" VARCHAR2(20 BYTE), 
	"GUIDE_EMAIL" VARCHAR2(50 BYTE), 
	"IMAGE_ID" VARCHAR2(20 BYTE)
   ) SEGMENT CREATION IMMEDIATE 
  PCTFREE 10 PCTUSED 40 INITRANS 1 MAXTRANS 255 NOCOMPRESS LOGGING
  STORAGE(INITIAL 65536 NEXT 1048576 MINEXTENTS 1 MAXEXTENTS 2147483645
  PCTINCREASE 0 FREELISTS 1 FREELIST GROUPS 1 BUFFER_POOL DEFAULT FLASH_CACHE DEFAULT CELL_FLASH_CACHE DEFAULT)
  TABLESPACE "SYSTEM" ;
--------------------------------------------------------
--  DDL for Table HOTELS
--------------------------------------------------------

  CREATE TABLE "TOURISTBUDDY"."HOTELS" 
   (	"HOTEL_ID" VARCHAR2(20 BYTE), 
	"LOCATION_ID" VARCHAR2(20 BYTE), 
	"HOTEL_NAME" VARCHAR2(50 BYTE), 
	"HOTEL_WEBSITE" VARCHAR2(50 BYTE), 
	"HOTEL_PHONE" VARCHAR2(20 BYTE), 
	"HOTEL_EMAIL" VARCHAR2(20 BYTE)
   ) SEGMENT CREATION IMMEDIATE 
  PCTFREE 10 PCTUSED 40 INITRANS 1 MAXTRANS 255 NOCOMPRESS LOGGING
  STORAGE(INITIAL 65536 NEXT 1048576 MINEXTENTS 1 MAXEXTENTS 2147483645
  PCTINCREASE 0 FREELISTS 1 FREELIST GROUPS 1 BUFFER_POOL DEFAULT FLASH_CACHE DEFAULT CELL_FLASH_CACHE DEFAULT)
  TABLESPACE "SYSTEM" ;
--------------------------------------------------------
--  DDL for Table IMAGES
--------------------------------------------------------

  CREATE TABLE "TOURISTBUDDY"."IMAGES" 
   (	"IMAGE_ID" VARCHAR2(20 BYTE), 
	"IMAGE_DIR" VARCHAR2(40 BYTE)
   ) SEGMENT CREATION IMMEDIATE 
  PCTFREE 10 PCTUSED 40 INITRANS 1 MAXTRANS 255 NOCOMPRESS LOGGING
  STORAGE(INITIAL 65536 NEXT 1048576 MINEXTENTS 1 MAXEXTENTS 2147483645
  PCTINCREASE 0 FREELISTS 1 FREELIST GROUPS 1 BUFFER_POOL DEFAULT FLASH_CACHE DEFAULT CELL_FLASH_CACHE DEFAULT)
  TABLESPACE "SYSTEM" ;
--------------------------------------------------------
--  DDL for Table IMAGES_GUIDE
--------------------------------------------------------

  CREATE TABLE "TOURISTBUDDY"."IMAGES_GUIDE" 
   (	"ID" VARCHAR2(20 BYTE), 
	"GUIDE_ID" VARCHAR2(20 BYTE), 
	"IMAGE_ID" VARCHAR2(20 BYTE)
   ) SEGMENT CREATION IMMEDIATE 
  PCTFREE 10 PCTUSED 40 INITRANS 1 MAXTRANS 255 NOCOMPRESS LOGGING
  STORAGE(INITIAL 65536 NEXT 1048576 MINEXTENTS 1 MAXEXTENTS 2147483645
  PCTINCREASE 0 FREELISTS 1 FREELIST GROUPS 1 BUFFER_POOL DEFAULT FLASH_CACHE DEFAULT CELL_FLASH_CACHE DEFAULT)
  TABLESPACE "SYSTEM" ;
--------------------------------------------------------
--  DDL for Table IMAGES_LOCATION
--------------------------------------------------------

  CREATE TABLE "TOURISTBUDDY"."IMAGES_LOCATION" 
   (	"ID" VARCHAR2(20 BYTE), 
	"IMAGE_ID" VARCHAR2(20 BYTE), 
	"LOCATION_ID" VARCHAR2(20 BYTE)
   ) SEGMENT CREATION IMMEDIATE 
  PCTFREE 10 PCTUSED 40 INITRANS 1 MAXTRANS 255 NOCOMPRESS LOGGING
  STORAGE(INITIAL 65536 NEXT 1048576 MINEXTENTS 1 MAXEXTENTS 2147483645
  PCTINCREASE 0 FREELISTS 1 FREELIST GROUPS 1 BUFFER_POOL DEFAULT FLASH_CACHE DEFAULT CELL_FLASH_CACHE DEFAULT)
  TABLESPACE "SYSTEM" ;
--------------------------------------------------------
--  DDL for Table IMAGES_USER
--------------------------------------------------------

  CREATE TABLE "TOURISTBUDDY"."IMAGES_USER" 
   (	"ID" VARCHAR2(20 BYTE), 
	"IMAGE_ID" VARCHAR2(20 BYTE), 
	"USER_ID" VARCHAR2(20 BYTE)
   ) SEGMENT CREATION IMMEDIATE 
  PCTFREE 10 PCTUSED 40 INITRANS 1 MAXTRANS 255 NOCOMPRESS LOGGING
  STORAGE(INITIAL 65536 NEXT 1048576 MINEXTENTS 1 MAXEXTENTS 2147483645
  PCTINCREASE 0 FREELISTS 1 FREELIST GROUPS 1 BUFFER_POOL DEFAULT FLASH_CACHE DEFAULT CELL_FLASH_CACHE DEFAULT)
  TABLESPACE "SYSTEM" ;
--------------------------------------------------------
--  DDL for Table LOCATIONS
--------------------------------------------------------

  CREATE TABLE "TOURISTBUDDY"."LOCATIONS" 
   (	"LOCATION_ID" VARCHAR2(20 BYTE), 
	"DIST_ID" VARCHAR2(20 BYTE), 
	"LOCATION_NAME" VARCHAR2(50 BYTE), 
	"DESCRIPTION" VARCHAR2(300 BYTE), 
	"MAP" VARCHAR2(20 BYTE)
   ) SEGMENT CREATION IMMEDIATE 
  PCTFREE 10 PCTUSED 40 INITRANS 1 MAXTRANS 255 NOCOMPRESS LOGGING
  STORAGE(INITIAL 65536 NEXT 1048576 MINEXTENTS 1 MAXEXTENTS 2147483645
  PCTINCREASE 0 FREELISTS 1 FREELIST GROUPS 1 BUFFER_POOL DEFAULT FLASH_CACHE DEFAULT CELL_FLASH_CACHE DEFAULT)
  TABLESPACE "SYSTEM" ;
--------------------------------------------------------
--  DDL for Table MANAGE
--------------------------------------------------------

  CREATE TABLE "TOURISTBUDDY"."MANAGE" 
   (	"GUIDE_ID" VARCHAR2(20 BYTE), 
	"LOCATION_ID" VARCHAR2(20 BYTE), 
	"CHARGE" NUMBER DEFAULT 0
   ) SEGMENT CREATION IMMEDIATE 
  PCTFREE 10 PCTUSED 40 INITRANS 1 MAXTRANS 255 NOCOMPRESS LOGGING
  STORAGE(INITIAL 65536 NEXT 1048576 MINEXTENTS 1 MAXEXTENTS 2147483645
  PCTINCREASE 0 FREELISTS 1 FREELIST GROUPS 1 BUFFER_POOL DEFAULT FLASH_CACHE DEFAULT CELL_FLASH_CACHE DEFAULT)
  TABLESPACE "SYSTEM" ;
--------------------------------------------------------
--  DDL for Table REVIEW
--------------------------------------------------------

  CREATE TABLE "TOURISTBUDDY"."REVIEW" 
   (	"USER_ID" VARCHAR2(20 BYTE), 
	"LOCATION_ID" VARCHAR2(20 BYTE), 
	"REVIEW" VARCHAR2(300 BYTE), 
	"RATING" NUMBER
   ) SEGMENT CREATION IMMEDIATE 
  PCTFREE 10 PCTUSED 40 INITRANS 1 MAXTRANS 255 NOCOMPRESS LOGGING
  STORAGE(INITIAL 65536 NEXT 1048576 MINEXTENTS 1 MAXEXTENTS 2147483645
  PCTINCREASE 0 FREELISTS 1 FREELIST GROUPS 1 BUFFER_POOL DEFAULT FLASH_CACHE DEFAULT CELL_FLASH_CACHE DEFAULT)
  TABLESPACE "SYSTEM" ;
--------------------------------------------------------
--  DDL for Table TRAVEL
--------------------------------------------------------

  CREATE TABLE "TOURISTBUDDY"."TRAVEL" 
   (	"TRAVEL_ID" VARCHAR2(20 BYTE), 
	"SRC_ID" VARCHAR2(20 BYTE), 
	"DEST_ID" VARCHAR2(20 BYTE), 
	"TRANSPORT_TYPE" VARCHAR2(20 BYTE), 
	"TRANSPORT_NAME" VARCHAR2(40 BYTE), 
	"CONTACT_EMAIL" VARCHAR2(50 BYTE), 
	"CONTACT_WEBSITE" VARCHAR2(30 BYTE), 
	"CONTACT_PHONE" VARCHAR2(20 BYTE)
   ) SEGMENT CREATION IMMEDIATE 
  PCTFREE 10 PCTUSED 40 INITRANS 1 MAXTRANS 255 NOCOMPRESS LOGGING
  STORAGE(INITIAL 65536 NEXT 1048576 MINEXTENTS 1 MAXEXTENTS 2147483645
  PCTINCREASE 0 FREELISTS 1 FREELIST GROUPS 1 BUFFER_POOL DEFAULT FLASH_CACHE DEFAULT CELL_FLASH_CACHE DEFAULT)
  TABLESPACE "SYSTEM" ;

   COMMENT ON TABLE "TOURISTBUDDY"."TRAVEL"  IS 'at least one of contact_email, contact_website or contact_phone should be not null :)';
--------------------------------------------------------
--  DDL for Table USERS
--------------------------------------------------------

  CREATE TABLE "TOURISTBUDDY"."USERS" 
   (	"USER_ID" VARCHAR2(20 BYTE), 
	"USER_EMAIL" VARCHAR2(50 BYTE), 
	"USER_NAME" VARCHAR2(50 BYTE), 
	"USER_PASSWORD" VARCHAR2(30 BYTE)
   ) SEGMENT CREATION IMMEDIATE 
  PCTFREE 10 PCTUSED 40 INITRANS 1 MAXTRANS 255 NOCOMPRESS LOGGING
  STORAGE(INITIAL 65536 NEXT 1048576 MINEXTENTS 1 MAXEXTENTS 2147483645
  PCTINCREASE 0 FREELISTS 1 FREELIST GROUPS 1 BUFFER_POOL DEFAULT FLASH_CACHE DEFAULT CELL_FLASH_CACHE DEFAULT)
  TABLESPACE "SYSTEM" ;
REM INSERTING into TOURISTBUDDY.ADJACENT
SET DEFINE OFF;
REM INSERTING into TOURISTBUDDY.AUTH_GROUP
SET DEFINE OFF;
REM INSERTING into TOURISTBUDDY.AUTH_GROUP_PERMISSIONS
SET DEFINE OFF;
REM INSERTING into TOURISTBUDDY.AUTH_PERMISSION
SET DEFINE OFF;
Insert into TOURISTBUDDY.AUTH_PERMISSION (ID,NAME,CONTENT_TYPE_ID,CODENAME) values (1,'Can add log entry',1,'add_logentry');
Insert into TOURISTBUDDY.AUTH_PERMISSION (ID,NAME,CONTENT_TYPE_ID,CODENAME) values (2,'Can change log entry',1,'change_logentry');
Insert into TOURISTBUDDY.AUTH_PERMISSION (ID,NAME,CONTENT_TYPE_ID,CODENAME) values (3,'Can delete log entry',1,'delete_logentry');
Insert into TOURISTBUDDY.AUTH_PERMISSION (ID,NAME,CONTENT_TYPE_ID,CODENAME) values (4,'Can add permission',2,'add_permission');
Insert into TOURISTBUDDY.AUTH_PERMISSION (ID,NAME,CONTENT_TYPE_ID,CODENAME) values (5,'Can change permission',2,'change_permission');
Insert into TOURISTBUDDY.AUTH_PERMISSION (ID,NAME,CONTENT_TYPE_ID,CODENAME) values (6,'Can delete permission',2,'delete_permission');
Insert into TOURISTBUDDY.AUTH_PERMISSION (ID,NAME,CONTENT_TYPE_ID,CODENAME) values (7,'Can add group',3,'add_group');
Insert into TOURISTBUDDY.AUTH_PERMISSION (ID,NAME,CONTENT_TYPE_ID,CODENAME) values (8,'Can change group',3,'change_group');
Insert into TOURISTBUDDY.AUTH_PERMISSION (ID,NAME,CONTENT_TYPE_ID,CODENAME) values (9,'Can delete group',3,'delete_group');
Insert into TOURISTBUDDY.AUTH_PERMISSION (ID,NAME,CONTENT_TYPE_ID,CODENAME) values (10,'Can add user',4,'add_user');
Insert into TOURISTBUDDY.AUTH_PERMISSION (ID,NAME,CONTENT_TYPE_ID,CODENAME) values (11,'Can change user',4,'change_user');
Insert into TOURISTBUDDY.AUTH_PERMISSION (ID,NAME,CONTENT_TYPE_ID,CODENAME) values (12,'Can delete user',4,'delete_user');
Insert into TOURISTBUDDY.AUTH_PERMISSION (ID,NAME,CONTENT_TYPE_ID,CODENAME) values (13,'Can add content type',5,'add_contenttype');
Insert into TOURISTBUDDY.AUTH_PERMISSION (ID,NAME,CONTENT_TYPE_ID,CODENAME) values (14,'Can change content type',5,'change_contenttype');
Insert into TOURISTBUDDY.AUTH_PERMISSION (ID,NAME,CONTENT_TYPE_ID,CODENAME) values (15,'Can delete content type',5,'delete_contenttype');
Insert into TOURISTBUDDY.AUTH_PERMISSION (ID,NAME,CONTENT_TYPE_ID,CODENAME) values (16,'Can add session',6,'add_session');
Insert into TOURISTBUDDY.AUTH_PERMISSION (ID,NAME,CONTENT_TYPE_ID,CODENAME) values (17,'Can change session',6,'change_session');
Insert into TOURISTBUDDY.AUTH_PERMISSION (ID,NAME,CONTENT_TYPE_ID,CODENAME) values (18,'Can delete session',6,'delete_session');
Insert into TOURISTBUDDY.AUTH_PERMISSION (ID,NAME,CONTENT_TYPE_ID,CODENAME) values (19,'Can add adjacent',7,'add_adjacent');
Insert into TOURISTBUDDY.AUTH_PERMISSION (ID,NAME,CONTENT_TYPE_ID,CODENAME) values (20,'Can change adjacent',7,'change_adjacent');
Insert into TOURISTBUDDY.AUTH_PERMISSION (ID,NAME,CONTENT_TYPE_ID,CODENAME) values (21,'Can delete adjacent',7,'delete_adjacent');
Insert into TOURISTBUDDY.AUTH_PERMISSION (ID,NAME,CONTENT_TYPE_ID,CODENAME) values (22,'Can add districts',8,'add_districts');
Insert into TOURISTBUDDY.AUTH_PERMISSION (ID,NAME,CONTENT_TYPE_ID,CODENAME) values (23,'Can change districts',8,'change_districts');
Insert into TOURISTBUDDY.AUTH_PERMISSION (ID,NAME,CONTENT_TYPE_ID,CODENAME) values (24,'Can delete districts',8,'delete_districts');
Insert into TOURISTBUDDY.AUTH_PERMISSION (ID,NAME,CONTENT_TYPE_ID,CODENAME) values (25,'Can add guides',9,'add_guides');
Insert into TOURISTBUDDY.AUTH_PERMISSION (ID,NAME,CONTENT_TYPE_ID,CODENAME) values (26,'Can change guides',9,'change_guides');
Insert into TOURISTBUDDY.AUTH_PERMISSION (ID,NAME,CONTENT_TYPE_ID,CODENAME) values (27,'Can delete guides',9,'delete_guides');
Insert into TOURISTBUDDY.AUTH_PERMISSION (ID,NAME,CONTENT_TYPE_ID,CODENAME) values (28,'Can add hotels',10,'add_hotels');
Insert into TOURISTBUDDY.AUTH_PERMISSION (ID,NAME,CONTENT_TYPE_ID,CODENAME) values (29,'Can change hotels',10,'change_hotels');
Insert into TOURISTBUDDY.AUTH_PERMISSION (ID,NAME,CONTENT_TYPE_ID,CODENAME) values (30,'Can delete hotels',10,'delete_hotels');
Insert into TOURISTBUDDY.AUTH_PERMISSION (ID,NAME,CONTENT_TYPE_ID,CODENAME) values (31,'Can add images',11,'add_images');
Insert into TOURISTBUDDY.AUTH_PERMISSION (ID,NAME,CONTENT_TYPE_ID,CODENAME) values (32,'Can change images',11,'change_images');
Insert into TOURISTBUDDY.AUTH_PERMISSION (ID,NAME,CONTENT_TYPE_ID,CODENAME) values (33,'Can delete images',11,'delete_images');
Insert into TOURISTBUDDY.AUTH_PERMISSION (ID,NAME,CONTENT_TYPE_ID,CODENAME) values (34,'Can add locations',12,'add_locations');
Insert into TOURISTBUDDY.AUTH_PERMISSION (ID,NAME,CONTENT_TYPE_ID,CODENAME) values (35,'Can change locations',12,'change_locations');
Insert into TOURISTBUDDY.AUTH_PERMISSION (ID,NAME,CONTENT_TYPE_ID,CODENAME) values (36,'Can delete locations',12,'delete_locations');
Insert into TOURISTBUDDY.AUTH_PERMISSION (ID,NAME,CONTENT_TYPE_ID,CODENAME) values (37,'Can add manage',13,'add_manage');
Insert into TOURISTBUDDY.AUTH_PERMISSION (ID,NAME,CONTENT_TYPE_ID,CODENAME) values (38,'Can change manage',13,'change_manage');
Insert into TOURISTBUDDY.AUTH_PERMISSION (ID,NAME,CONTENT_TYPE_ID,CODENAME) values (39,'Can delete manage',13,'delete_manage');
Insert into TOURISTBUDDY.AUTH_PERMISSION (ID,NAME,CONTENT_TYPE_ID,CODENAME) values (40,'Can add review',14,'add_review');
Insert into TOURISTBUDDY.AUTH_PERMISSION (ID,NAME,CONTENT_TYPE_ID,CODENAME) values (41,'Can change review',14,'change_review');
Insert into TOURISTBUDDY.AUTH_PERMISSION (ID,NAME,CONTENT_TYPE_ID,CODENAME) values (42,'Can delete review',14,'delete_review');
Insert into TOURISTBUDDY.AUTH_PERMISSION (ID,NAME,CONTENT_TYPE_ID,CODENAME) values (43,'Can add travel',15,'add_travel');
Insert into TOURISTBUDDY.AUTH_PERMISSION (ID,NAME,CONTENT_TYPE_ID,CODENAME) values (44,'Can change travel',15,'change_travel');
Insert into TOURISTBUDDY.AUTH_PERMISSION (ID,NAME,CONTENT_TYPE_ID,CODENAME) values (45,'Can delete travel',15,'delete_travel');
Insert into TOURISTBUDDY.AUTH_PERMISSION (ID,NAME,CONTENT_TYPE_ID,CODENAME) values (46,'Can add users',16,'add_users');
Insert into TOURISTBUDDY.AUTH_PERMISSION (ID,NAME,CONTENT_TYPE_ID,CODENAME) values (47,'Can change users',16,'change_users');
Insert into TOURISTBUDDY.AUTH_PERMISSION (ID,NAME,CONTENT_TYPE_ID,CODENAME) values (48,'Can delete users',16,'delete_users');
REM INSERTING into TOURISTBUDDY.AUTH_USER
SET DEFINE OFF;
REM INSERTING into TOURISTBUDDY.AUTH_USER_GROUPS
SET DEFINE OFF;
REM INSERTING into TOURISTBUDDY.AUTH_USER_USER_PERMISSIONS
SET DEFINE OFF;
REM INSERTING into TOURISTBUDDY.DISTRICTS
SET DEFINE OFF;
Insert into TOURISTBUDDY.DISTRICTS (DIST_ID,DIST_NAME) values ('DHK','Dhaka');
Insert into TOURISTBUDDY.DISTRICTS (DIST_ID,DIST_NAME) values ('RNG','Rangpur');
Insert into TOURISTBUDDY.DISTRICTS (DIST_ID,DIST_NAME) values ('BAR','Barisal');
Insert into TOURISTBUDDY.DISTRICTS (DIST_ID,DIST_NAME) values ('SYL','Sylhet');
Insert into TOURISTBUDDY.DISTRICTS (DIST_ID,DIST_NAME) values ('CTG','Chittagong');
Insert into TOURISTBUDDY.DISTRICTS (DIST_ID,DIST_NAME) values ('KHL','Khulna');
Insert into TOURISTBUDDY.DISTRICTS (DIST_ID,DIST_NAME) values ('MYM','Mymensingh');
REM INSERTING into TOURISTBUDDY.DJANGO_ADMIN_LOG
SET DEFINE OFF;
REM INSERTING into TOURISTBUDDY.DJANGO_CONTENT_TYPE
SET DEFINE OFF;
Insert into TOURISTBUDDY.DJANGO_CONTENT_TYPE (ID,APP_LABEL,MODEL) values (1,'admin','logentry');
Insert into TOURISTBUDDY.DJANGO_CONTENT_TYPE (ID,APP_LABEL,MODEL) values (2,'auth','permission');
Insert into TOURISTBUDDY.DJANGO_CONTENT_TYPE (ID,APP_LABEL,MODEL) values (3,'auth','group');
Insert into TOURISTBUDDY.DJANGO_CONTENT_TYPE (ID,APP_LABEL,MODEL) values (4,'auth','user');
Insert into TOURISTBUDDY.DJANGO_CONTENT_TYPE (ID,APP_LABEL,MODEL) values (5,'contenttypes','contenttype');
Insert into TOURISTBUDDY.DJANGO_CONTENT_TYPE (ID,APP_LABEL,MODEL) values (6,'sessions','session');
Insert into TOURISTBUDDY.DJANGO_CONTENT_TYPE (ID,APP_LABEL,MODEL) values (7,'Tour','adjacent');
Insert into TOURISTBUDDY.DJANGO_CONTENT_TYPE (ID,APP_LABEL,MODEL) values (8,'Tour','districts');
Insert into TOURISTBUDDY.DJANGO_CONTENT_TYPE (ID,APP_LABEL,MODEL) values (9,'Tour','guides');
Insert into TOURISTBUDDY.DJANGO_CONTENT_TYPE (ID,APP_LABEL,MODEL) values (10,'Tour','hotels');
Insert into TOURISTBUDDY.DJANGO_CONTENT_TYPE (ID,APP_LABEL,MODEL) values (11,'Tour','images');
Insert into TOURISTBUDDY.DJANGO_CONTENT_TYPE (ID,APP_LABEL,MODEL) values (12,'Tour','locations');
Insert into TOURISTBUDDY.DJANGO_CONTENT_TYPE (ID,APP_LABEL,MODEL) values (13,'Tour','manage');
Insert into TOURISTBUDDY.DJANGO_CONTENT_TYPE (ID,APP_LABEL,MODEL) values (14,'Tour','review');
Insert into TOURISTBUDDY.DJANGO_CONTENT_TYPE (ID,APP_LABEL,MODEL) values (15,'Tour','travel');
Insert into TOURISTBUDDY.DJANGO_CONTENT_TYPE (ID,APP_LABEL,MODEL) values (16,'Tour','users');
REM INSERTING into TOURISTBUDDY.DJANGO_MIGRATIONS
SET DEFINE OFF;
Insert into TOURISTBUDDY.DJANGO_MIGRATIONS (ID,APP,NAME,APPLIED) values (1,'contenttypes','0001_initial',to_timestamp('21-MAY-15 05.43.43.662370000 AM','DD-MON-RR HH.MI.SSXFF AM'));
Insert into TOURISTBUDDY.DJANGO_MIGRATIONS (ID,APP,NAME,APPLIED) values (2,'auth','0001_initial',to_timestamp('21-MAY-15 05.43.45.404647000 AM','DD-MON-RR HH.MI.SSXFF AM'));
Insert into TOURISTBUDDY.DJANGO_MIGRATIONS (ID,APP,NAME,APPLIED) values (3,'admin','0001_initial',to_timestamp('21-MAY-15 05.43.45.831177000 AM','DD-MON-RR HH.MI.SSXFF AM'));
Insert into TOURISTBUDDY.DJANGO_MIGRATIONS (ID,APP,NAME,APPLIED) values (4,'contenttypes','0002_remove_content_type_name',to_timestamp('21-MAY-15 05.43.46.019574000 AM','DD-MON-RR HH.MI.SSXFF AM'));
Insert into TOURISTBUDDY.DJANGO_MIGRATIONS (ID,APP,NAME,APPLIED) values (5,'auth','0002_alter_permission_name_max_length',to_timestamp('21-MAY-15 05.43.46.122509000 AM','DD-MON-RR HH.MI.SSXFF AM'));
Insert into TOURISTBUDDY.DJANGO_MIGRATIONS (ID,APP,NAME,APPLIED) values (6,'auth','0003_alter_user_email_max_length',to_timestamp('21-MAY-15 05.43.46.244036000 AM','DD-MON-RR HH.MI.SSXFF AM'));
Insert into TOURISTBUDDY.DJANGO_MIGRATIONS (ID,APP,NAME,APPLIED) values (7,'auth','0004_alter_user_username_opts',to_timestamp('21-MAY-15 05.43.46.303937000 AM','DD-MON-RR HH.MI.SSXFF AM'));
Insert into TOURISTBUDDY.DJANGO_MIGRATIONS (ID,APP,NAME,APPLIED) values (8,'auth','0005_alter_user_last_login_null',to_timestamp('21-MAY-15 05.43.46.412153000 AM','DD-MON-RR HH.MI.SSXFF AM'));
Insert into TOURISTBUDDY.DJANGO_MIGRATIONS (ID,APP,NAME,APPLIED) values (9,'auth','0006_require_contenttypes_0002',to_timestamp('21-MAY-15 05.43.46.444946000 AM','DD-MON-RR HH.MI.SSXFF AM'));
Insert into TOURISTBUDDY.DJANGO_MIGRATIONS (ID,APP,NAME,APPLIED) values (10,'sessions','0001_initial',to_timestamp('21-MAY-15 05.43.46.581268000 AM','DD-MON-RR HH.MI.SSXFF AM'));
Insert into TOURISTBUDDY.DJANGO_MIGRATIONS (ID,APP,NAME,APPLIED) values (11,'Tour','0001_initial',to_timestamp('21-MAY-15 06.46.07.730359000 AM','DD-MON-RR HH.MI.SSXFF AM'));
REM INSERTING into TOURISTBUDDY.DJANGO_SESSION
SET DEFINE OFF;
REM INSERTING into TOURISTBUDDY.GUIDES
SET DEFINE OFF;
REM INSERTING into TOURISTBUDDY.HOTELS
SET DEFINE OFF;
REM INSERTING into TOURISTBUDDY.IMAGES
SET DEFINE OFF;
REM INSERTING into TOURISTBUDDY.IMAGES_GUIDE
SET DEFINE OFF;
REM INSERTING into TOURISTBUDDY.IMAGES_LOCATION
SET DEFINE OFF;
REM INSERTING into TOURISTBUDDY.IMAGES_USER
SET DEFINE OFF;
REM INSERTING into TOURISTBUDDY.LOCATIONS
SET DEFINE OFF;
Insert into TOURISTBUDDY.LOCATIONS (LOCATION_ID,DIST_ID,LOCATION_NAME,DESCRIPTION,MAP) values ('1','SYL','Jaflong',null,null);
Insert into TOURISTBUDDY.LOCATIONS (LOCATION_ID,DIST_ID,LOCATION_NAME,DESCRIPTION,MAP) values ('2','CTG','Potenga',null,null);
Insert into TOURISTBUDDY.LOCATIONS (LOCATION_ID,DIST_ID,LOCATION_NAME,DESCRIPTION,MAP) values ('3','CTG','Kaptai',null,null);
Insert into TOURISTBUDDY.LOCATIONS (LOCATION_ID,DIST_ID,LOCATION_NAME,DESCRIPTION,MAP) values ('4','CTG','Foy''s Lake',null,null);
Insert into TOURISTBUDDY.LOCATIONS (LOCATION_ID,DIST_ID,LOCATION_NAME,DESCRIPTION,MAP) values ('5','CTG','Batali Hill',null,null);
Insert into TOURISTBUDDY.LOCATIONS (LOCATION_ID,DIST_ID,LOCATION_NAME,DESCRIPTION,MAP) values ('6','CTG','Ethnic museum',null,null);
Insert into TOURISTBUDDY.LOCATIONS (LOCATION_ID,DIST_ID,LOCATION_NAME,DESCRIPTION,MAP) values ('7','SYL','Tamabil',null,null);
Insert into TOURISTBUDDY.LOCATIONS (LOCATION_ID,DIST_ID,LOCATION_NAME,DESCRIPTION,MAP) values ('8','SYL','Bichnakandi',null,null);
Insert into TOURISTBUDDY.LOCATIONS (LOCATION_ID,DIST_ID,LOCATION_NAME,DESCRIPTION,MAP) values ('9','CTG','Second World War cemetery',null,null);
Insert into TOURISTBUDDY.LOCATIONS (LOCATION_ID,DIST_ID,LOCATION_NAME,DESCRIPTION,MAP) values ('10','SYL','The Shrine of Hazrat ShahJalal',null,null);
Insert into TOURISTBUDDY.LOCATIONS (LOCATION_ID,DIST_ID,LOCATION_NAME,DESCRIPTION,MAP) values ('11','SYL','Ratargul Swamp Forest',null,null);
REM INSERTING into TOURISTBUDDY.MANAGE
SET DEFINE OFF;
REM INSERTING into TOURISTBUDDY.REVIEW
SET DEFINE OFF;
REM INSERTING into TOURISTBUDDY.TRAVEL
SET DEFINE OFF;
REM INSERTING into TOURISTBUDDY.USERS
SET DEFINE OFF;
--------------------------------------------------------
--  DDL for Index AB461ABF232F7FA73A3726C94F7231
--------------------------------------------------------

  CREATE UNIQUE INDEX "TOURISTBUDDY"."AB461ABF232F7FA73A3726C94F7231" ON "TOURISTBUDDY"."DJANGO_CONTENT_TYPE" ("APP_LABEL", "MODEL") 
  PCTFREE 10 INITRANS 2 MAXTRANS 255 COMPUTE STATISTICS 
  STORAGE(INITIAL 65536 NEXT 1048576 MINEXTENTS 1 MAXEXTENTS 2147483645
  PCTINCREASE 0 FREELISTS 1 FREELIST GROUPS 1 BUFFER_POOL DEFAULT FLASH_CACHE DEFAULT CELL_FLASH_CACHE DEFAULT)
  TABLESPACE "SYSTEM" ;
--------------------------------------------------------
--  DDL for Index ADJACENT_PK
--------------------------------------------------------

  CREATE UNIQUE INDEX "TOURISTBUDDY"."ADJACENT_PK" ON "TOURISTBUDDY"."ADJACENT" ("SOURCE_ID", "DEST_ID") 
  PCTFREE 10 INITRANS 2 MAXTRANS 255 
  STORAGE(INITIAL 65536 NEXT 1048576 MINEXTENTS 1 MAXEXTENTS 2147483645
  PCTINCREASE 0 FREELISTS 1 FREELIST GROUPS 1 BUFFER_POOL DEFAULT FLASH_CACHE DEFAULT CELL_FLASH_CACHE DEFAULT)
  TABLESPACE "SYSTEM" ;
--------------------------------------------------------
--  DDL for Index AUTH_GROUP_PERMISSIONS_0E9922A
--------------------------------------------------------

  CREATE INDEX "TOURISTBUDDY"."AUTH_GROUP_PERMISSIONS_0E9922A" ON "TOURISTBUDDY"."AUTH_GROUP_PERMISSIONS" ("GROUP_ID") 
  PCTFREE 10 INITRANS 2 MAXTRANS 255 COMPUTE STATISTICS 
  STORAGE(INITIAL 65536 NEXT 1048576 MINEXTENTS 1 MAXEXTENTS 2147483645
  PCTINCREASE 0 FREELISTS 1 FREELIST GROUPS 1 BUFFER_POOL DEFAULT FLASH_CACHE DEFAULT CELL_FLASH_CACHE DEFAULT)
  TABLESPACE "SYSTEM" ;
--------------------------------------------------------
--  DDL for Index AUTH_GROUP_PERMISSIONS_837A862
--------------------------------------------------------

  CREATE INDEX "TOURISTBUDDY"."AUTH_GROUP_PERMISSIONS_837A862" ON "TOURISTBUDDY"."AUTH_GROUP_PERMISSIONS" ("PERMISSION_ID") 
  PCTFREE 10 INITRANS 2 MAXTRANS 255 COMPUTE STATISTICS 
  STORAGE(INITIAL 65536 NEXT 1048576 MINEXTENTS 1 MAXEXTENTS 2147483645
  PCTINCREASE 0 FREELISTS 1 FREELIST GROUPS 1 BUFFER_POOL DEFAULT FLASH_CACHE DEFAULT CELL_FLASH_CACHE DEFAULT)
  TABLESPACE "SYSTEM" ;
--------------------------------------------------------
--  DDL for Index AUTH_PERMISSION_417F1B1C
--------------------------------------------------------

  CREATE INDEX "TOURISTBUDDY"."AUTH_PERMISSION_417F1B1C" ON "TOURISTBUDDY"."AUTH_PERMISSION" ("CONTENT_TYPE_ID") 
  PCTFREE 10 INITRANS 2 MAXTRANS 255 COMPUTE STATISTICS 
  STORAGE(INITIAL 65536 NEXT 1048576 MINEXTENTS 1 MAXEXTENTS 2147483645
  PCTINCREASE 0 FREELISTS 1 FREELIST GROUPS 1 BUFFER_POOL DEFAULT FLASH_CACHE DEFAULT CELL_FLASH_CACHE DEFAULT)
  TABLESPACE "SYSTEM" ;
--------------------------------------------------------
--  DDL for Index AUTH_USER_GROUPS_0E939A4F
--------------------------------------------------------

  CREATE INDEX "TOURISTBUDDY"."AUTH_USER_GROUPS_0E939A4F" ON "TOURISTBUDDY"."AUTH_USER_GROUPS" ("GROUP_ID") 
  PCTFREE 10 INITRANS 2 MAXTRANS 255 COMPUTE STATISTICS 
  STORAGE(INITIAL 65536 NEXT 1048576 MINEXTENTS 1 MAXEXTENTS 2147483645
  PCTINCREASE 0 FREELISTS 1 FREELIST GROUPS 1 BUFFER_POOL DEFAULT FLASH_CACHE DEFAULT CELL_FLASH_CACHE DEFAULT)
  TABLESPACE "SYSTEM" ;
--------------------------------------------------------
--  DDL for Index AUTH_USER_GROUPS_E8701AD4
--------------------------------------------------------

  CREATE INDEX "TOURISTBUDDY"."AUTH_USER_GROUPS_E8701AD4" ON "TOURISTBUDDY"."AUTH_USER_GROUPS" ("USER_ID") 
  PCTFREE 10 INITRANS 2 MAXTRANS 255 COMPUTE STATISTICS 
  STORAGE(INITIAL 65536 NEXT 1048576 MINEXTENTS 1 MAXEXTENTS 2147483645
  PCTINCREASE 0 FREELISTS 1 FREELIST GROUPS 1 BUFFER_POOL DEFAULT FLASH_CACHE DEFAULT CELL_FLASH_CACHE DEFAULT)
  TABLESPACE "SYSTEM" ;
--------------------------------------------------------
--  DDL for Index AUTH_USER_USER_PERMISSIONS1CCA
--------------------------------------------------------

  CREATE INDEX "TOURISTBUDDY"."AUTH_USER_USER_PERMISSIONS1CCA" ON "TOURISTBUDDY"."AUTH_USER_USER_PERMISSIONS" ("USER_ID") 
  PCTFREE 10 INITRANS 2 MAXTRANS 255 COMPUTE STATISTICS 
  STORAGE(INITIAL 65536 NEXT 1048576 MINEXTENTS 1 MAXEXTENTS 2147483645
  PCTINCREASE 0 FREELISTS 1 FREELIST GROUPS 1 BUFFER_POOL DEFAULT FLASH_CACHE DEFAULT CELL_FLASH_CACHE DEFAULT)
  TABLESPACE "SYSTEM" ;
--------------------------------------------------------
--  DDL for Index AUTH_USER_USER_PERMISSIONS8AFE
--------------------------------------------------------

  CREATE INDEX "TOURISTBUDDY"."AUTH_USER_USER_PERMISSIONS8AFE" ON "TOURISTBUDDY"."AUTH_USER_USER_PERMISSIONS" ("PERMISSION_ID") 
  PCTFREE 10 INITRANS 2 MAXTRANS 255 COMPUTE STATISTICS 
  STORAGE(INITIAL 65536 NEXT 1048576 MINEXTENTS 1 MAXEXTENTS 2147483645
  PCTINCREASE 0 FREELISTS 1 FREELIST GROUPS 1 BUFFER_POOL DEFAULT FLASH_CACHE DEFAULT CELL_FLASH_CACHE DEFAULT)
  TABLESPACE "SYSTEM" ;
--------------------------------------------------------
--  DDL for Index DJANGO_ADMIN_LOG_417F1B1C
--------------------------------------------------------

  CREATE INDEX "TOURISTBUDDY"."DJANGO_ADMIN_LOG_417F1B1C" ON "TOURISTBUDDY"."DJANGO_ADMIN_LOG" ("CONTENT_TYPE_ID") 
  PCTFREE 10 INITRANS 2 MAXTRANS 255 COMPUTE STATISTICS 
  STORAGE(INITIAL 65536 NEXT 1048576 MINEXTENTS 1 MAXEXTENTS 2147483645
  PCTINCREASE 0 FREELISTS 1 FREELIST GROUPS 1 BUFFER_POOL DEFAULT FLASH_CACHE DEFAULT CELL_FLASH_CACHE DEFAULT)
  TABLESPACE "SYSTEM" ;
--------------------------------------------------------
--  DDL for Index DJANGO_ADMIN_LOG_E8701AD4
--------------------------------------------------------

  CREATE INDEX "TOURISTBUDDY"."DJANGO_ADMIN_LOG_E8701AD4" ON "TOURISTBUDDY"."DJANGO_ADMIN_LOG" ("USER_ID") 
  PCTFREE 10 INITRANS 2 MAXTRANS 255 COMPUTE STATISTICS 
  STORAGE(INITIAL 65536 NEXT 1048576 MINEXTENTS 1 MAXEXTENTS 2147483645
  PCTINCREASE 0 FREELISTS 1 FREELIST GROUPS 1 BUFFER_POOL DEFAULT FLASH_CACHE DEFAULT CELL_FLASH_CACHE DEFAULT)
  TABLESPACE "SYSTEM" ;
--------------------------------------------------------
--  DDL for Index DJANGO_SESSION_DE54FA62
--------------------------------------------------------

  CREATE INDEX "TOURISTBUDDY"."DJANGO_SESSION_DE54FA62" ON "TOURISTBUDDY"."DJANGO_SESSION" ("EXPIRE_DATE") 
  PCTFREE 10 INITRANS 2 MAXTRANS 255 COMPUTE STATISTICS 
  STORAGE(INITIAL 65536 NEXT 1048576 MINEXTENTS 1 MAXEXTENTS 2147483645
  PCTINCREASE 0 FREELISTS 1 FREELIST GROUPS 1 BUFFER_POOL DEFAULT FLASH_CACHE DEFAULT CELL_FLASH_CACHE DEFAULT)
  TABLESPACE "SYSTEM" ;
--------------------------------------------------------
--  DDL for Index GUIDE_PK
--------------------------------------------------------

  CREATE UNIQUE INDEX "TOURISTBUDDY"."GUIDE_PK" ON "TOURISTBUDDY"."GUIDES" ("GUIDE_ID") 
  PCTFREE 10 INITRANS 2 MAXTRANS 255 
  STORAGE(INITIAL 65536 NEXT 1048576 MINEXTENTS 1 MAXEXTENTS 2147483645
  PCTINCREASE 0 FREELISTS 1 FREELIST GROUPS 1 BUFFER_POOL DEFAULT FLASH_CACHE DEFAULT CELL_FLASH_CACHE DEFAULT)
  TABLESPACE "SYSTEM" ;
--------------------------------------------------------
--  DDL for Index HOTEL_PK
--------------------------------------------------------

  CREATE UNIQUE INDEX "TOURISTBUDDY"."HOTEL_PK" ON "TOURISTBUDDY"."HOTELS" ("HOTEL_ID") 
  PCTFREE 10 INITRANS 2 MAXTRANS 255 
  STORAGE(INITIAL 65536 NEXT 1048576 MINEXTENTS 1 MAXEXTENTS 2147483645
  PCTINCREASE 0 FREELISTS 1 FREELIST GROUPS 1 BUFFER_POOL DEFAULT FLASH_CACHE DEFAULT CELL_FLASH_CACHE DEFAULT)
  TABLESPACE "SYSTEM" ;
--------------------------------------------------------
--  DDL for Index IMAGES_GUIDE_PK
--------------------------------------------------------

  CREATE UNIQUE INDEX "TOURISTBUDDY"."IMAGES_GUIDE_PK" ON "TOURISTBUDDY"."IMAGES_GUIDE" ("ID") 
  PCTFREE 10 INITRANS 2 MAXTRANS 255 
  STORAGE(INITIAL 65536 NEXT 1048576 MINEXTENTS 1 MAXEXTENTS 2147483645
  PCTINCREASE 0 FREELISTS 1 FREELIST GROUPS 1 BUFFER_POOL DEFAULT FLASH_CACHE DEFAULT CELL_FLASH_CACHE DEFAULT)
  TABLESPACE "SYSTEM" ;
--------------------------------------------------------
--  DDL for Index IMAGES_USER_PK
--------------------------------------------------------

  CREATE UNIQUE INDEX "TOURISTBUDDY"."IMAGES_USER_PK" ON "TOURISTBUDDY"."IMAGES_USER" ("ID") 
  PCTFREE 10 INITRANS 2 MAXTRANS 255 
  STORAGE(INITIAL 65536 NEXT 1048576 MINEXTENTS 1 MAXEXTENTS 2147483645
  PCTINCREASE 0 FREELISTS 1 FREELIST GROUPS 1 BUFFER_POOL DEFAULT FLASH_CACHE DEFAULT CELL_FLASH_CACHE DEFAULT)
  TABLESPACE "SYSTEM" ;
--------------------------------------------------------
--  DDL for Index IMAGE_LOCATION_PK
--------------------------------------------------------

  CREATE UNIQUE INDEX "TOURISTBUDDY"."IMAGE_LOCATION_PK" ON "TOURISTBUDDY"."IMAGES_LOCATION" ("ID") 
  PCTFREE 10 INITRANS 2 MAXTRANS 255 
  STORAGE(INITIAL 65536 NEXT 1048576 MINEXTENTS 1 MAXEXTENTS 2147483645
  PCTINCREASE 0 FREELISTS 1 FREELIST GROUPS 1 BUFFER_POOL DEFAULT FLASH_CACHE DEFAULT CELL_FLASH_CACHE DEFAULT)
  TABLESPACE "SYSTEM" ;
--------------------------------------------------------
--  DDL for Index IMAGE_PK
--------------------------------------------------------

  CREATE UNIQUE INDEX "TOURISTBUDDY"."IMAGE_PK" ON "TOURISTBUDDY"."IMAGES" ("IMAGE_ID") 
  PCTFREE 10 INITRANS 2 MAXTRANS 255 
  STORAGE(INITIAL 65536 NEXT 1048576 MINEXTENTS 1 MAXEXTENTS 2147483645
  PCTINCREASE 0 FREELISTS 1 FREELIST GROUPS 1 BUFFER_POOL DEFAULT FLASH_CACHE DEFAULT CELL_FLASH_CACHE DEFAULT)
  TABLESPACE "SYSTEM" ;
--------------------------------------------------------
--  DDL for Index LOCATION_PK
--------------------------------------------------------

  CREATE UNIQUE INDEX "TOURISTBUDDY"."LOCATION_PK" ON "TOURISTBUDDY"."DISTRICTS" ("DIST_ID") 
  PCTFREE 10 INITRANS 2 MAXTRANS 255 
  STORAGE(INITIAL 65536 NEXT 1048576 MINEXTENTS 1 MAXEXTENTS 2147483645
  PCTINCREASE 0 FREELISTS 1 FREELIST GROUPS 1 BUFFER_POOL DEFAULT FLASH_CACHE DEFAULT CELL_FLASH_CACHE DEFAULT)
  TABLESPACE "SYSTEM" ;
--------------------------------------------------------
--  DDL for Index LOCATION_PK1
--------------------------------------------------------

  CREATE UNIQUE INDEX "TOURISTBUDDY"."LOCATION_PK1" ON "TOURISTBUDDY"."LOCATIONS" ("LOCATION_ID") 
  PCTFREE 10 INITRANS 2 MAXTRANS 255 
  STORAGE(INITIAL 65536 NEXT 1048576 MINEXTENTS 1 MAXEXTENTS 2147483645
  PCTINCREASE 0 FREELISTS 1 FREELIST GROUPS 1 BUFFER_POOL DEFAULT FLASH_CACHE DEFAULT CELL_FLASH_CACHE DEFAULT)
  TABLESPACE "SYSTEM" ;
--------------------------------------------------------
--  DDL for Index MANAGE_PK
--------------------------------------------------------

  CREATE UNIQUE INDEX "TOURISTBUDDY"."MANAGE_PK" ON "TOURISTBUDDY"."MANAGE" ("LOCATION_ID", "GUIDE_ID") 
  PCTFREE 10 INITRANS 2 MAXTRANS 255 
  STORAGE(INITIAL 65536 NEXT 1048576 MINEXTENTS 1 MAXEXTENTS 2147483645
  PCTINCREASE 0 FREELISTS 1 FREELIST GROUPS 1 BUFFER_POOL DEFAULT FLASH_CACHE DEFAULT CELL_FLASH_CACHE DEFAULT)
  TABLESPACE "SYSTEM" ;
--------------------------------------------------------
--  DDL for Index REVIEW_PK
--------------------------------------------------------

  CREATE UNIQUE INDEX "TOURISTBUDDY"."REVIEW_PK" ON "TOURISTBUDDY"."REVIEW" ("USER_ID", "LOCATION_ID") 
  PCTFREE 10 INITRANS 2 MAXTRANS 255 
  STORAGE(INITIAL 65536 NEXT 1048576 MINEXTENTS 1 MAXEXTENTS 2147483645
  PCTINCREASE 0 FREELISTS 1 FREELIST GROUPS 1 BUFFER_POOL DEFAULT FLASH_CACHE DEFAULT CELL_FLASH_CACHE DEFAULT)
  TABLESPACE "SYSTEM" ;
--------------------------------------------------------
--  DDL for Index SYS_C007717
--------------------------------------------------------

  CREATE UNIQUE INDEX "TOURISTBUDDY"."SYS_C007717" ON "TOURISTBUDDY"."DJANGO_MIGRATIONS" ("ID") 
  PCTFREE 10 INITRANS 2 MAXTRANS 255 
  STORAGE(INITIAL 65536 NEXT 1048576 MINEXTENTS 1 MAXEXTENTS 2147483645
  PCTINCREASE 0 FREELISTS 1 FREELIST GROUPS 1 BUFFER_POOL DEFAULT FLASH_CACHE DEFAULT CELL_FLASH_CACHE DEFAULT)
  TABLESPACE "SYSTEM" ;
--------------------------------------------------------
--  DDL for Index SYS_C007719
--------------------------------------------------------

  CREATE UNIQUE INDEX "TOURISTBUDDY"."SYS_C007719" ON "TOURISTBUDDY"."DJANGO_CONTENT_TYPE" ("ID") 
  PCTFREE 10 INITRANS 2 MAXTRANS 255 
  STORAGE(INITIAL 65536 NEXT 1048576 MINEXTENTS 1 MAXEXTENTS 2147483645
  PCTINCREASE 0 FREELISTS 1 FREELIST GROUPS 1 BUFFER_POOL DEFAULT FLASH_CACHE DEFAULT CELL_FLASH_CACHE DEFAULT)
  TABLESPACE "SYSTEM" ;
--------------------------------------------------------
--  DDL for Index SYS_C007723
--------------------------------------------------------

  CREATE UNIQUE INDEX "TOURISTBUDDY"."SYS_C007723" ON "TOURISTBUDDY"."AUTH_PERMISSION" ("ID") 
  PCTFREE 10 INITRANS 2 MAXTRANS 255 
  STORAGE(INITIAL 65536 NEXT 1048576 MINEXTENTS 1 MAXEXTENTS 2147483645
  PCTINCREASE 0 FREELISTS 1 FREELIST GROUPS 1 BUFFER_POOL DEFAULT FLASH_CACHE DEFAULT CELL_FLASH_CACHE DEFAULT)
  TABLESPACE "SYSTEM" ;
--------------------------------------------------------
--  DDL for Index SYS_C007724
--------------------------------------------------------

  CREATE UNIQUE INDEX "TOURISTBUDDY"."SYS_C007724" ON "TOURISTBUDDY"."AUTH_PERMISSION" ("CONTENT_TYPE_ID", "CODENAME") 
  PCTFREE 10 INITRANS 2 MAXTRANS 255 
  STORAGE(INITIAL 65536 NEXT 1048576 MINEXTENTS 1 MAXEXTENTS 2147483645
  PCTINCREASE 0 FREELISTS 1 FREELIST GROUPS 1 BUFFER_POOL DEFAULT FLASH_CACHE DEFAULT CELL_FLASH_CACHE DEFAULT)
  TABLESPACE "SYSTEM" ;
--------------------------------------------------------
--  DDL for Index SYS_C007726
--------------------------------------------------------

  CREATE UNIQUE INDEX "TOURISTBUDDY"."SYS_C007726" ON "TOURISTBUDDY"."AUTH_GROUP" ("ID") 
  PCTFREE 10 INITRANS 2 MAXTRANS 255 
  STORAGE(INITIAL 65536 NEXT 1048576 MINEXTENTS 1 MAXEXTENTS 2147483645
  PCTINCREASE 0 FREELISTS 1 FREELIST GROUPS 1 BUFFER_POOL DEFAULT FLASH_CACHE DEFAULT CELL_FLASH_CACHE DEFAULT)
  TABLESPACE "SYSTEM" ;
--------------------------------------------------------
--  DDL for Index SYS_C007727
--------------------------------------------------------

  CREATE UNIQUE INDEX "TOURISTBUDDY"."SYS_C007727" ON "TOURISTBUDDY"."AUTH_GROUP" ("NAME") 
  PCTFREE 10 INITRANS 2 MAXTRANS 255 
  STORAGE(INITIAL 65536 NEXT 1048576 MINEXTENTS 1 MAXEXTENTS 2147483645
  PCTINCREASE 0 FREELISTS 1 FREELIST GROUPS 1 BUFFER_POOL DEFAULT FLASH_CACHE DEFAULT CELL_FLASH_CACHE DEFAULT)
  TABLESPACE "SYSTEM" ;
--------------------------------------------------------
--  DDL for Index SYS_C007731
--------------------------------------------------------

  CREATE UNIQUE INDEX "TOURISTBUDDY"."SYS_C007731" ON "TOURISTBUDDY"."AUTH_GROUP_PERMISSIONS" ("ID") 
  PCTFREE 10 INITRANS 2 MAXTRANS 255 
  STORAGE(INITIAL 65536 NEXT 1048576 MINEXTENTS 1 MAXEXTENTS 2147483645
  PCTINCREASE 0 FREELISTS 1 FREELIST GROUPS 1 BUFFER_POOL DEFAULT FLASH_CACHE DEFAULT CELL_FLASH_CACHE DEFAULT)
  TABLESPACE "SYSTEM" ;
--------------------------------------------------------
--  DDL for Index SYS_C007732
--------------------------------------------------------

  CREATE UNIQUE INDEX "TOURISTBUDDY"."SYS_C007732" ON "TOURISTBUDDY"."AUTH_GROUP_PERMISSIONS" ("GROUP_ID", "PERMISSION_ID") 
  PCTFREE 10 INITRANS 2 MAXTRANS 255 
  STORAGE(INITIAL 65536 NEXT 1048576 MINEXTENTS 1 MAXEXTENTS 2147483645
  PCTINCREASE 0 FREELISTS 1 FREELIST GROUPS 1 BUFFER_POOL DEFAULT FLASH_CACHE DEFAULT CELL_FLASH_CACHE DEFAULT)
  TABLESPACE "SYSTEM" ;
--------------------------------------------------------
--  DDL for Index SYS_C007742
--------------------------------------------------------

  CREATE UNIQUE INDEX "TOURISTBUDDY"."SYS_C007742" ON "TOURISTBUDDY"."AUTH_USER" ("ID") 
  PCTFREE 10 INITRANS 2 MAXTRANS 255 
  STORAGE(INITIAL 65536 NEXT 1048576 MINEXTENTS 1 MAXEXTENTS 2147483645
  PCTINCREASE 0 FREELISTS 1 FREELIST GROUPS 1 BUFFER_POOL DEFAULT FLASH_CACHE DEFAULT CELL_FLASH_CACHE DEFAULT)
  TABLESPACE "SYSTEM" ;
--------------------------------------------------------
--  DDL for Index SYS_C007743
--------------------------------------------------------

  CREATE UNIQUE INDEX "TOURISTBUDDY"."SYS_C007743" ON "TOURISTBUDDY"."AUTH_USER" ("USERNAME") 
  PCTFREE 10 INITRANS 2 MAXTRANS 255 
  STORAGE(INITIAL 65536 NEXT 1048576 MINEXTENTS 1 MAXEXTENTS 2147483645
  PCTINCREASE 0 FREELISTS 1 FREELIST GROUPS 1 BUFFER_POOL DEFAULT FLASH_CACHE DEFAULT CELL_FLASH_CACHE DEFAULT)
  TABLESPACE "SYSTEM" ;
--------------------------------------------------------
--  DDL for Index SYS_C007747
--------------------------------------------------------

  CREATE UNIQUE INDEX "TOURISTBUDDY"."SYS_C007747" ON "TOURISTBUDDY"."AUTH_USER_GROUPS" ("ID") 
  PCTFREE 10 INITRANS 2 MAXTRANS 255 
  STORAGE(INITIAL 65536 NEXT 1048576 MINEXTENTS 1 MAXEXTENTS 2147483645
  PCTINCREASE 0 FREELISTS 1 FREELIST GROUPS 1 BUFFER_POOL DEFAULT FLASH_CACHE DEFAULT CELL_FLASH_CACHE DEFAULT)
  TABLESPACE "SYSTEM" ;
--------------------------------------------------------
--  DDL for Index SYS_C007748
--------------------------------------------------------

  CREATE UNIQUE INDEX "TOURISTBUDDY"."SYS_C007748" ON "TOURISTBUDDY"."AUTH_USER_GROUPS" ("USER_ID", "GROUP_ID") 
  PCTFREE 10 INITRANS 2 MAXTRANS 255 
  STORAGE(INITIAL 65536 NEXT 1048576 MINEXTENTS 1 MAXEXTENTS 2147483645
  PCTINCREASE 0 FREELISTS 1 FREELIST GROUPS 1 BUFFER_POOL DEFAULT FLASH_CACHE DEFAULT CELL_FLASH_CACHE DEFAULT)
  TABLESPACE "SYSTEM" ;
--------------------------------------------------------
--  DDL for Index SYS_C007752
--------------------------------------------------------

  CREATE UNIQUE INDEX "TOURISTBUDDY"."SYS_C007752" ON "TOURISTBUDDY"."AUTH_USER_USER_PERMISSIONS" ("ID") 
  PCTFREE 10 INITRANS 2 MAXTRANS 255 
  STORAGE(INITIAL 65536 NEXT 1048576 MINEXTENTS 1 MAXEXTENTS 2147483645
  PCTINCREASE 0 FREELISTS 1 FREELIST GROUPS 1 BUFFER_POOL DEFAULT FLASH_CACHE DEFAULT CELL_FLASH_CACHE DEFAULT)
  TABLESPACE "SYSTEM" ;
--------------------------------------------------------
--  DDL for Index SYS_C007753
--------------------------------------------------------

  CREATE UNIQUE INDEX "TOURISTBUDDY"."SYS_C007753" ON "TOURISTBUDDY"."AUTH_USER_USER_PERMISSIONS" ("USER_ID", "PERMISSION_ID") 
  PCTFREE 10 INITRANS 2 MAXTRANS 255 
  STORAGE(INITIAL 65536 NEXT 1048576 MINEXTENTS 1 MAXEXTENTS 2147483645
  PCTINCREASE 0 FREELISTS 1 FREELIST GROUPS 1 BUFFER_POOL DEFAULT FLASH_CACHE DEFAULT CELL_FLASH_CACHE DEFAULT)
  TABLESPACE "SYSTEM" ;
--------------------------------------------------------
--  DDL for Index SYS_C007766
--------------------------------------------------------

  CREATE UNIQUE INDEX "TOURISTBUDDY"."SYS_C007766" ON "TOURISTBUDDY"."DJANGO_ADMIN_LOG" ("ID") 
  PCTFREE 10 INITRANS 2 MAXTRANS 255 
  STORAGE(INITIAL 65536 NEXT 1048576 MINEXTENTS 1 MAXEXTENTS 2147483645
  PCTINCREASE 0 FREELISTS 1 FREELIST GROUPS 1 BUFFER_POOL DEFAULT FLASH_CACHE DEFAULT CELL_FLASH_CACHE DEFAULT)
  TABLESPACE "SYSTEM" ;
--------------------------------------------------------
--  DDL for Index SYS_C007771
--------------------------------------------------------

  CREATE UNIQUE INDEX "TOURISTBUDDY"."SYS_C007771" ON "TOURISTBUDDY"."DJANGO_SESSION" ("SESSION_KEY") 
  PCTFREE 10 INITRANS 2 MAXTRANS 255 
  STORAGE(INITIAL 65536 NEXT 1048576 MINEXTENTS 1 MAXEXTENTS 2147483645
  PCTINCREASE 0 FREELISTS 1 FREELIST GROUPS 1 BUFFER_POOL DEFAULT FLASH_CACHE DEFAULT CELL_FLASH_CACHE DEFAULT)
  TABLESPACE "SYSTEM" ;
--------------------------------------------------------
--  DDL for Index TRAVEL_PK
--------------------------------------------------------

  CREATE UNIQUE INDEX "TOURISTBUDDY"."TRAVEL_PK" ON "TOURISTBUDDY"."TRAVEL" ("TRAVEL_ID") 
  PCTFREE 10 INITRANS 2 MAXTRANS 255 
  STORAGE(INITIAL 65536 NEXT 1048576 MINEXTENTS 1 MAXEXTENTS 2147483645
  PCTINCREASE 0 FREELISTS 1 FREELIST GROUPS 1 BUFFER_POOL DEFAULT FLASH_CACHE DEFAULT CELL_FLASH_CACHE DEFAULT)
  TABLESPACE "SYSTEM" ;
--------------------------------------------------------
--  DDL for Index USERS_PK
--------------------------------------------------------

  CREATE UNIQUE INDEX "TOURISTBUDDY"."USERS_PK" ON "TOURISTBUDDY"."USERS" ("USER_ID") 
  PCTFREE 10 INITRANS 2 MAXTRANS 255 
  STORAGE(INITIAL 65536 NEXT 1048576 MINEXTENTS 1 MAXEXTENTS 2147483645
  PCTINCREASE 0 FREELISTS 1 FREELIST GROUPS 1 BUFFER_POOL DEFAULT FLASH_CACHE DEFAULT CELL_FLASH_CACHE DEFAULT)
  TABLESPACE "SYSTEM" ;
--------------------------------------------------------
--  Constraints for Table ADJACENT
--------------------------------------------------------

  ALTER TABLE "TOURISTBUDDY"."ADJACENT" ADD CONSTRAINT "ADJACENT_PK" PRIMARY KEY ("SOURCE_ID", "DEST_ID")
  USING INDEX PCTFREE 10 INITRANS 2 MAXTRANS 255 
  STORAGE(INITIAL 65536 NEXT 1048576 MINEXTENTS 1 MAXEXTENTS 2147483645
  PCTINCREASE 0 FREELISTS 1 FREELIST GROUPS 1 BUFFER_POOL DEFAULT FLASH_CACHE DEFAULT CELL_FLASH_CACHE DEFAULT)
  TABLESPACE "SYSTEM"  ENABLE;
  ALTER TABLE "TOURISTBUDDY"."ADJACENT" MODIFY ("DEST_ID" NOT NULL ENABLE);
  ALTER TABLE "TOURISTBUDDY"."ADJACENT" MODIFY ("SOURCE_ID" NOT NULL ENABLE);
--------------------------------------------------------
--  Constraints for Table AUTH_GROUP
--------------------------------------------------------

  ALTER TABLE "TOURISTBUDDY"."AUTH_GROUP" ADD UNIQUE ("NAME")
  USING INDEX PCTFREE 10 INITRANS 2 MAXTRANS 255 
  STORAGE(INITIAL 65536 NEXT 1048576 MINEXTENTS 1 MAXEXTENTS 2147483645
  PCTINCREASE 0 FREELISTS 1 FREELIST GROUPS 1 BUFFER_POOL DEFAULT FLASH_CACHE DEFAULT CELL_FLASH_CACHE DEFAULT)
  TABLESPACE "SYSTEM"  ENABLE;
  ALTER TABLE "TOURISTBUDDY"."AUTH_GROUP" ADD PRIMARY KEY ("ID")
  USING INDEX PCTFREE 10 INITRANS 2 MAXTRANS 255 
  STORAGE(INITIAL 65536 NEXT 1048576 MINEXTENTS 1 MAXEXTENTS 2147483645
  PCTINCREASE 0 FREELISTS 1 FREELIST GROUPS 1 BUFFER_POOL DEFAULT FLASH_CACHE DEFAULT CELL_FLASH_CACHE DEFAULT)
  TABLESPACE "SYSTEM"  ENABLE;
  ALTER TABLE "TOURISTBUDDY"."AUTH_GROUP" MODIFY ("ID" NOT NULL ENABLE);
--------------------------------------------------------
--  Constraints for Table AUTH_GROUP_PERMISSIONS
--------------------------------------------------------

  ALTER TABLE "TOURISTBUDDY"."AUTH_GROUP_PERMISSIONS" ADD UNIQUE ("GROUP_ID", "PERMISSION_ID")
  USING INDEX PCTFREE 10 INITRANS 2 MAXTRANS 255 
  STORAGE(INITIAL 65536 NEXT 1048576 MINEXTENTS 1 MAXEXTENTS 2147483645
  PCTINCREASE 0 FREELISTS 1 FREELIST GROUPS 1 BUFFER_POOL DEFAULT FLASH_CACHE DEFAULT CELL_FLASH_CACHE DEFAULT)
  TABLESPACE "SYSTEM"  ENABLE;
  ALTER TABLE "TOURISTBUDDY"."AUTH_GROUP_PERMISSIONS" ADD PRIMARY KEY ("ID")
  USING INDEX PCTFREE 10 INITRANS 2 MAXTRANS 255 
  STORAGE(INITIAL 65536 NEXT 1048576 MINEXTENTS 1 MAXEXTENTS 2147483645
  PCTINCREASE 0 FREELISTS 1 FREELIST GROUPS 1 BUFFER_POOL DEFAULT FLASH_CACHE DEFAULT CELL_FLASH_CACHE DEFAULT)
  TABLESPACE "SYSTEM"  ENABLE;
  ALTER TABLE "TOURISTBUDDY"."AUTH_GROUP_PERMISSIONS" MODIFY ("PERMISSION_ID" NOT NULL ENABLE);
  ALTER TABLE "TOURISTBUDDY"."AUTH_GROUP_PERMISSIONS" MODIFY ("GROUP_ID" NOT NULL ENABLE);
  ALTER TABLE "TOURISTBUDDY"."AUTH_GROUP_PERMISSIONS" MODIFY ("ID" NOT NULL ENABLE);
--------------------------------------------------------
--  Constraints for Table AUTH_PERMISSION
--------------------------------------------------------

  ALTER TABLE "TOURISTBUDDY"."AUTH_PERMISSION" ADD UNIQUE ("CONTENT_TYPE_ID", "CODENAME")
  USING INDEX PCTFREE 10 INITRANS 2 MAXTRANS 255 
  STORAGE(INITIAL 65536 NEXT 1048576 MINEXTENTS 1 MAXEXTENTS 2147483645
  PCTINCREASE 0 FREELISTS 1 FREELIST GROUPS 1 BUFFER_POOL DEFAULT FLASH_CACHE DEFAULT CELL_FLASH_CACHE DEFAULT)
  TABLESPACE "SYSTEM"  ENABLE;
  ALTER TABLE "TOURISTBUDDY"."AUTH_PERMISSION" ADD PRIMARY KEY ("ID")
  USING INDEX PCTFREE 10 INITRANS 2 MAXTRANS 255 
  STORAGE(INITIAL 65536 NEXT 1048576 MINEXTENTS 1 MAXEXTENTS 2147483645
  PCTINCREASE 0 FREELISTS 1 FREELIST GROUPS 1 BUFFER_POOL DEFAULT FLASH_CACHE DEFAULT CELL_FLASH_CACHE DEFAULT)
  TABLESPACE "SYSTEM"  ENABLE;
  ALTER TABLE "TOURISTBUDDY"."AUTH_PERMISSION" MODIFY ("CONTENT_TYPE_ID" NOT NULL ENABLE);
  ALTER TABLE "TOURISTBUDDY"."AUTH_PERMISSION" MODIFY ("ID" NOT NULL ENABLE);
--------------------------------------------------------
--  Constraints for Table AUTH_USER
--------------------------------------------------------

  ALTER TABLE "TOURISTBUDDY"."AUTH_USER" ADD UNIQUE ("USERNAME")
  USING INDEX PCTFREE 10 INITRANS 2 MAXTRANS 255 
  STORAGE(INITIAL 65536 NEXT 1048576 MINEXTENTS 1 MAXEXTENTS 2147483645
  PCTINCREASE 0 FREELISTS 1 FREELIST GROUPS 1 BUFFER_POOL DEFAULT FLASH_CACHE DEFAULT CELL_FLASH_CACHE DEFAULT)
  TABLESPACE "SYSTEM"  ENABLE;
  ALTER TABLE "TOURISTBUDDY"."AUTH_USER" ADD PRIMARY KEY ("ID")
  USING INDEX PCTFREE 10 INITRANS 2 MAXTRANS 255 
  STORAGE(INITIAL 65536 NEXT 1048576 MINEXTENTS 1 MAXEXTENTS 2147483645
  PCTINCREASE 0 FREELISTS 1 FREELIST GROUPS 1 BUFFER_POOL DEFAULT FLASH_CACHE DEFAULT CELL_FLASH_CACHE DEFAULT)
  TABLESPACE "SYSTEM"  ENABLE;
  ALTER TABLE "TOURISTBUDDY"."AUTH_USER" ADD CHECK ("IS_ACTIVE" IN (0,1)) ENABLE;
  ALTER TABLE "TOURISTBUDDY"."AUTH_USER" ADD CHECK ("IS_STAFF" IN (0,1)) ENABLE;
  ALTER TABLE "TOURISTBUDDY"."AUTH_USER" ADD CHECK ("IS_SUPERUSER" IN (0,1)) ENABLE;
  ALTER TABLE "TOURISTBUDDY"."AUTH_USER" MODIFY ("DATE_JOINED" NOT NULL ENABLE);
  ALTER TABLE "TOURISTBUDDY"."AUTH_USER" MODIFY ("IS_ACTIVE" NOT NULL ENABLE);
  ALTER TABLE "TOURISTBUDDY"."AUTH_USER" MODIFY ("IS_STAFF" NOT NULL ENABLE);
  ALTER TABLE "TOURISTBUDDY"."AUTH_USER" MODIFY ("IS_SUPERUSER" NOT NULL ENABLE);
  ALTER TABLE "TOURISTBUDDY"."AUTH_USER" MODIFY ("ID" NOT NULL ENABLE);
--------------------------------------------------------
--  Constraints for Table AUTH_USER_GROUPS
--------------------------------------------------------

  ALTER TABLE "TOURISTBUDDY"."AUTH_USER_GROUPS" ADD UNIQUE ("USER_ID", "GROUP_ID")
  USING INDEX PCTFREE 10 INITRANS 2 MAXTRANS 255 
  STORAGE(INITIAL 65536 NEXT 1048576 MINEXTENTS 1 MAXEXTENTS 2147483645
  PCTINCREASE 0 FREELISTS 1 FREELIST GROUPS 1 BUFFER_POOL DEFAULT FLASH_CACHE DEFAULT CELL_FLASH_CACHE DEFAULT)
  TABLESPACE "SYSTEM"  ENABLE;
  ALTER TABLE "TOURISTBUDDY"."AUTH_USER_GROUPS" ADD PRIMARY KEY ("ID")
  USING INDEX PCTFREE 10 INITRANS 2 MAXTRANS 255 
  STORAGE(INITIAL 65536 NEXT 1048576 MINEXTENTS 1 MAXEXTENTS 2147483645
  PCTINCREASE 0 FREELISTS 1 FREELIST GROUPS 1 BUFFER_POOL DEFAULT FLASH_CACHE DEFAULT CELL_FLASH_CACHE DEFAULT)
  TABLESPACE "SYSTEM"  ENABLE;
  ALTER TABLE "TOURISTBUDDY"."AUTH_USER_GROUPS" MODIFY ("GROUP_ID" NOT NULL ENABLE);
  ALTER TABLE "TOURISTBUDDY"."AUTH_USER_GROUPS" MODIFY ("USER_ID" NOT NULL ENABLE);
  ALTER TABLE "TOURISTBUDDY"."AUTH_USER_GROUPS" MODIFY ("ID" NOT NULL ENABLE);
--------------------------------------------------------
--  Constraints for Table AUTH_USER_USER_PERMISSIONS
--------------------------------------------------------

  ALTER TABLE "TOURISTBUDDY"."AUTH_USER_USER_PERMISSIONS" ADD UNIQUE ("USER_ID", "PERMISSION_ID")
  USING INDEX PCTFREE 10 INITRANS 2 MAXTRANS 255 
  STORAGE(INITIAL 65536 NEXT 1048576 MINEXTENTS 1 MAXEXTENTS 2147483645
  PCTINCREASE 0 FREELISTS 1 FREELIST GROUPS 1 BUFFER_POOL DEFAULT FLASH_CACHE DEFAULT CELL_FLASH_CACHE DEFAULT)
  TABLESPACE "SYSTEM"  ENABLE;
  ALTER TABLE "TOURISTBUDDY"."AUTH_USER_USER_PERMISSIONS" ADD PRIMARY KEY ("ID")
  USING INDEX PCTFREE 10 INITRANS 2 MAXTRANS 255 
  STORAGE(INITIAL 65536 NEXT 1048576 MINEXTENTS 1 MAXEXTENTS 2147483645
  PCTINCREASE 0 FREELISTS 1 FREELIST GROUPS 1 BUFFER_POOL DEFAULT FLASH_CACHE DEFAULT CELL_FLASH_CACHE DEFAULT)
  TABLESPACE "SYSTEM"  ENABLE;
  ALTER TABLE "TOURISTBUDDY"."AUTH_USER_USER_PERMISSIONS" MODIFY ("PERMISSION_ID" NOT NULL ENABLE);
  ALTER TABLE "TOURISTBUDDY"."AUTH_USER_USER_PERMISSIONS" MODIFY ("USER_ID" NOT NULL ENABLE);
  ALTER TABLE "TOURISTBUDDY"."AUTH_USER_USER_PERMISSIONS" MODIFY ("ID" NOT NULL ENABLE);
--------------------------------------------------------
--  Constraints for Table DISTRICTS
--------------------------------------------------------

  ALTER TABLE "TOURISTBUDDY"."DISTRICTS" ADD CONSTRAINT "DISTRICT_PK" PRIMARY KEY ("DIST_ID")
  USING INDEX PCTFREE 10 INITRANS 2 MAXTRANS 255 
  STORAGE(INITIAL 65536 NEXT 1048576 MINEXTENTS 1 MAXEXTENTS 2147483645
  PCTINCREASE 0 FREELISTS 1 FREELIST GROUPS 1 BUFFER_POOL DEFAULT FLASH_CACHE DEFAULT CELL_FLASH_CACHE DEFAULT)
  TABLESPACE "SYSTEM"  ENABLE;
  ALTER TABLE "TOURISTBUDDY"."DISTRICTS" MODIFY ("DIST_NAME" NOT NULL ENABLE);
  ALTER TABLE "TOURISTBUDDY"."DISTRICTS" MODIFY ("DIST_ID" NOT NULL ENABLE);
--------------------------------------------------------
--  Constraints for Table DJANGO_ADMIN_LOG
--------------------------------------------------------

  ALTER TABLE "TOURISTBUDDY"."DJANGO_ADMIN_LOG" ADD PRIMARY KEY ("ID")
  USING INDEX PCTFREE 10 INITRANS 2 MAXTRANS 255 
  STORAGE(INITIAL 65536 NEXT 1048576 MINEXTENTS 1 MAXEXTENTS 2147483645
  PCTINCREASE 0 FREELISTS 1 FREELIST GROUPS 1 BUFFER_POOL DEFAULT FLASH_CACHE DEFAULT CELL_FLASH_CACHE DEFAULT)
  TABLESPACE "SYSTEM"  ENABLE;
  ALTER TABLE "TOURISTBUDDY"."DJANGO_ADMIN_LOG" ADD CHECK ("ACTION_FLAG" >= 0) ENABLE;
  ALTER TABLE "TOURISTBUDDY"."DJANGO_ADMIN_LOG" MODIFY ("USER_ID" NOT NULL ENABLE);
  ALTER TABLE "TOURISTBUDDY"."DJANGO_ADMIN_LOG" MODIFY ("ACTION_FLAG" NOT NULL ENABLE);
  ALTER TABLE "TOURISTBUDDY"."DJANGO_ADMIN_LOG" MODIFY ("ACTION_TIME" NOT NULL ENABLE);
  ALTER TABLE "TOURISTBUDDY"."DJANGO_ADMIN_LOG" MODIFY ("ID" NOT NULL ENABLE);
--------------------------------------------------------
--  Constraints for Table DJANGO_CONTENT_TYPE
--------------------------------------------------------

  ALTER TABLE "TOURISTBUDDY"."DJANGO_CONTENT_TYPE" ADD CONSTRAINT "AB461ABF232F7FA73A3726C94F7231" UNIQUE ("APP_LABEL", "MODEL")
  USING INDEX PCTFREE 10 INITRANS 2 MAXTRANS 255 COMPUTE STATISTICS 
  STORAGE(INITIAL 65536 NEXT 1048576 MINEXTENTS 1 MAXEXTENTS 2147483645
  PCTINCREASE 0 FREELISTS 1 FREELIST GROUPS 1 BUFFER_POOL DEFAULT FLASH_CACHE DEFAULT CELL_FLASH_CACHE DEFAULT)
  TABLESPACE "SYSTEM"  ENABLE;
  ALTER TABLE "TOURISTBUDDY"."DJANGO_CONTENT_TYPE" ADD PRIMARY KEY ("ID")
  USING INDEX PCTFREE 10 INITRANS 2 MAXTRANS 255 
  STORAGE(INITIAL 65536 NEXT 1048576 MINEXTENTS 1 MAXEXTENTS 2147483645
  PCTINCREASE 0 FREELISTS 1 FREELIST GROUPS 1 BUFFER_POOL DEFAULT FLASH_CACHE DEFAULT CELL_FLASH_CACHE DEFAULT)
  TABLESPACE "SYSTEM"  ENABLE;
  ALTER TABLE "TOURISTBUDDY"."DJANGO_CONTENT_TYPE" MODIFY ("ID" NOT NULL ENABLE);
--------------------------------------------------------
--  Constraints for Table DJANGO_MIGRATIONS
--------------------------------------------------------

  ALTER TABLE "TOURISTBUDDY"."DJANGO_MIGRATIONS" ADD PRIMARY KEY ("ID")
  USING INDEX PCTFREE 10 INITRANS 2 MAXTRANS 255 
  STORAGE(INITIAL 65536 NEXT 1048576 MINEXTENTS 1 MAXEXTENTS 2147483645
  PCTINCREASE 0 FREELISTS 1 FREELIST GROUPS 1 BUFFER_POOL DEFAULT FLASH_CACHE DEFAULT CELL_FLASH_CACHE DEFAULT)
  TABLESPACE "SYSTEM"  ENABLE;
  ALTER TABLE "TOURISTBUDDY"."DJANGO_MIGRATIONS" MODIFY ("APPLIED" NOT NULL ENABLE);
  ALTER TABLE "TOURISTBUDDY"."DJANGO_MIGRATIONS" MODIFY ("ID" NOT NULL ENABLE);
--------------------------------------------------------
--  Constraints for Table DJANGO_SESSION
--------------------------------------------------------

  ALTER TABLE "TOURISTBUDDY"."DJANGO_SESSION" ADD PRIMARY KEY ("SESSION_KEY")
  USING INDEX PCTFREE 10 INITRANS 2 MAXTRANS 255 
  STORAGE(INITIAL 65536 NEXT 1048576 MINEXTENTS 1 MAXEXTENTS 2147483645
  PCTINCREASE 0 FREELISTS 1 FREELIST GROUPS 1 BUFFER_POOL DEFAULT FLASH_CACHE DEFAULT CELL_FLASH_CACHE DEFAULT)
  TABLESPACE "SYSTEM"  ENABLE;
  ALTER TABLE "TOURISTBUDDY"."DJANGO_SESSION" MODIFY ("EXPIRE_DATE" NOT NULL ENABLE);
  ALTER TABLE "TOURISTBUDDY"."DJANGO_SESSION" MODIFY ("SESSION_KEY" NOT NULL ENABLE);
--------------------------------------------------------
--  Constraints for Table GUIDES
--------------------------------------------------------

  ALTER TABLE "TOURISTBUDDY"."GUIDES" MODIFY ("IMAGE_ID" NOT NULL ENABLE);
  ALTER TABLE "TOURISTBUDDY"."GUIDES" ADD CONSTRAINT "GUIDE_PK" PRIMARY KEY ("GUIDE_ID")
  USING INDEX PCTFREE 10 INITRANS 2 MAXTRANS 255 
  STORAGE(INITIAL 65536 NEXT 1048576 MINEXTENTS 1 MAXEXTENTS 2147483645
  PCTINCREASE 0 FREELISTS 1 FREELIST GROUPS 1 BUFFER_POOL DEFAULT FLASH_CACHE DEFAULT CELL_FLASH_CACHE DEFAULT)
  TABLESPACE "SYSTEM"  ENABLE;
  ALTER TABLE "TOURISTBUDDY"."GUIDES" MODIFY ("CONTACT_NO" NOT NULL ENABLE);
  ALTER TABLE "TOURISTBUDDY"."GUIDES" MODIFY ("LOCATION_ID" NOT NULL ENABLE);
  ALTER TABLE "TOURISTBUDDY"."GUIDES" MODIFY ("GUIDE_NAME" NOT NULL ENABLE);
  ALTER TABLE "TOURISTBUDDY"."GUIDES" MODIFY ("GUIDE_ID" NOT NULL ENABLE);
--------------------------------------------------------
--  Constraints for Table HOTELS
--------------------------------------------------------

  ALTER TABLE "TOURISTBUDDY"."HOTELS" ADD CONSTRAINT "HOTEL_PK" PRIMARY KEY ("HOTEL_ID")
  USING INDEX PCTFREE 10 INITRANS 2 MAXTRANS 255 
  STORAGE(INITIAL 65536 NEXT 1048576 MINEXTENTS 1 MAXEXTENTS 2147483645
  PCTINCREASE 0 FREELISTS 1 FREELIST GROUPS 1 BUFFER_POOL DEFAULT FLASH_CACHE DEFAULT CELL_FLASH_CACHE DEFAULT)
  TABLESPACE "SYSTEM"  ENABLE;
  ALTER TABLE "TOURISTBUDDY"."HOTELS" MODIFY ("HOTEL_NAME" NOT NULL ENABLE);
  ALTER TABLE "TOURISTBUDDY"."HOTELS" MODIFY ("LOCATION_ID" NOT NULL ENABLE);
  ALTER TABLE "TOURISTBUDDY"."HOTELS" MODIFY ("HOTEL_ID" NOT NULL ENABLE);
--------------------------------------------------------
--  Constraints for Table IMAGES
--------------------------------------------------------

  ALTER TABLE "TOURISTBUDDY"."IMAGES" ADD CONSTRAINT "IMAGE_PK" PRIMARY KEY ("IMAGE_ID")
  USING INDEX PCTFREE 10 INITRANS 2 MAXTRANS 255 
  STORAGE(INITIAL 65536 NEXT 1048576 MINEXTENTS 1 MAXEXTENTS 2147483645
  PCTINCREASE 0 FREELISTS 1 FREELIST GROUPS 1 BUFFER_POOL DEFAULT FLASH_CACHE DEFAULT CELL_FLASH_CACHE DEFAULT)
  TABLESPACE "SYSTEM"  ENABLE;
  ALTER TABLE "TOURISTBUDDY"."IMAGES" MODIFY ("IMAGE_DIR" NOT NULL ENABLE);
  ALTER TABLE "TOURISTBUDDY"."IMAGES" MODIFY ("IMAGE_ID" NOT NULL ENABLE);
--------------------------------------------------------
--  Constraints for Table IMAGES_GUIDE
--------------------------------------------------------

  ALTER TABLE "TOURISTBUDDY"."IMAGES_GUIDE" ADD CONSTRAINT "IMAGES_GUIDE_PK" PRIMARY KEY ("ID")
  USING INDEX PCTFREE 10 INITRANS 2 MAXTRANS 255 
  STORAGE(INITIAL 65536 NEXT 1048576 MINEXTENTS 1 MAXEXTENTS 2147483645
  PCTINCREASE 0 FREELISTS 1 FREELIST GROUPS 1 BUFFER_POOL DEFAULT FLASH_CACHE DEFAULT CELL_FLASH_CACHE DEFAULT)
  TABLESPACE "SYSTEM"  ENABLE;
  ALTER TABLE "TOURISTBUDDY"."IMAGES_GUIDE" MODIFY ("IMAGE_ID" NOT NULL ENABLE);
  ALTER TABLE "TOURISTBUDDY"."IMAGES_GUIDE" MODIFY ("GUIDE_ID" NOT NULL ENABLE);
  ALTER TABLE "TOURISTBUDDY"."IMAGES_GUIDE" MODIFY ("ID" NOT NULL ENABLE);
--------------------------------------------------------
--  Constraints for Table IMAGES_LOCATION
--------------------------------------------------------

  ALTER TABLE "TOURISTBUDDY"."IMAGES_LOCATION" ADD CONSTRAINT "IMAGE_LOCATION_PK" PRIMARY KEY ("ID")
  USING INDEX PCTFREE 10 INITRANS 2 MAXTRANS 255 
  STORAGE(INITIAL 65536 NEXT 1048576 MINEXTENTS 1 MAXEXTENTS 2147483645
  PCTINCREASE 0 FREELISTS 1 FREELIST GROUPS 1 BUFFER_POOL DEFAULT FLASH_CACHE DEFAULT CELL_FLASH_CACHE DEFAULT)
  TABLESPACE "SYSTEM"  ENABLE;
  ALTER TABLE "TOURISTBUDDY"."IMAGES_LOCATION" MODIFY ("LOCATION_ID" NOT NULL ENABLE);
  ALTER TABLE "TOURISTBUDDY"."IMAGES_LOCATION" MODIFY ("IMAGE_ID" NOT NULL ENABLE);
  ALTER TABLE "TOURISTBUDDY"."IMAGES_LOCATION" MODIFY ("ID" NOT NULL ENABLE);
--------------------------------------------------------
--  Constraints for Table IMAGES_USER
--------------------------------------------------------

  ALTER TABLE "TOURISTBUDDY"."IMAGES_USER" ADD CONSTRAINT "IMAGES_USER_PK" PRIMARY KEY ("ID")
  USING INDEX PCTFREE 10 INITRANS 2 MAXTRANS 255 
  STORAGE(INITIAL 65536 NEXT 1048576 MINEXTENTS 1 MAXEXTENTS 2147483645
  PCTINCREASE 0 FREELISTS 1 FREELIST GROUPS 1 BUFFER_POOL DEFAULT FLASH_CACHE DEFAULT CELL_FLASH_CACHE DEFAULT)
  TABLESPACE "SYSTEM"  ENABLE;
  ALTER TABLE "TOURISTBUDDY"."IMAGES_USER" MODIFY ("USER_ID" NOT NULL ENABLE);
  ALTER TABLE "TOURISTBUDDY"."IMAGES_USER" MODIFY ("IMAGE_ID" NOT NULL ENABLE);
  ALTER TABLE "TOURISTBUDDY"."IMAGES_USER" MODIFY ("ID" NOT NULL ENABLE);
--------------------------------------------------------
--  Constraints for Table LOCATIONS
--------------------------------------------------------

  ALTER TABLE "TOURISTBUDDY"."LOCATIONS" ADD CONSTRAINT "LOCATION_PK" PRIMARY KEY ("LOCATION_ID")
  USING INDEX PCTFREE 10 INITRANS 2 MAXTRANS 255 
  STORAGE(INITIAL 65536 NEXT 1048576 MINEXTENTS 1 MAXEXTENTS 2147483645
  PCTINCREASE 0 FREELISTS 1 FREELIST GROUPS 1 BUFFER_POOL DEFAULT FLASH_CACHE DEFAULT CELL_FLASH_CACHE DEFAULT)
  TABLESPACE "SYSTEM"  ENABLE;
  ALTER TABLE "TOURISTBUDDY"."LOCATIONS" MODIFY ("LOCATION_NAME" NOT NULL ENABLE);
  ALTER TABLE "TOURISTBUDDY"."LOCATIONS" MODIFY ("DIST_ID" NOT NULL ENABLE);
  ALTER TABLE "TOURISTBUDDY"."LOCATIONS" MODIFY ("LOCATION_ID" NOT NULL ENABLE);
--------------------------------------------------------
--  Constraints for Table MANAGE
--------------------------------------------------------

  ALTER TABLE "TOURISTBUDDY"."MANAGE" ADD CONSTRAINT "MANAGE_PK" PRIMARY KEY ("LOCATION_ID", "GUIDE_ID")
  USING INDEX PCTFREE 10 INITRANS 2 MAXTRANS 255 
  STORAGE(INITIAL 65536 NEXT 1048576 MINEXTENTS 1 MAXEXTENTS 2147483645
  PCTINCREASE 0 FREELISTS 1 FREELIST GROUPS 1 BUFFER_POOL DEFAULT FLASH_CACHE DEFAULT CELL_FLASH_CACHE DEFAULT)
  TABLESPACE "SYSTEM"  ENABLE;
  ALTER TABLE "TOURISTBUDDY"."MANAGE" MODIFY ("CHARGE" NOT NULL ENABLE);
  ALTER TABLE "TOURISTBUDDY"."MANAGE" MODIFY ("LOCATION_ID" NOT NULL ENABLE);
  ALTER TABLE "TOURISTBUDDY"."MANAGE" MODIFY ("GUIDE_ID" NOT NULL ENABLE);
--------------------------------------------------------
--  Constraints for Table REVIEW
--------------------------------------------------------

  ALTER TABLE "TOURISTBUDDY"."REVIEW" ADD CONSTRAINT "REVIEW_CHK1" CHECK (rating between 1 and 10) ENABLE;
  ALTER TABLE "TOURISTBUDDY"."REVIEW" ADD CONSTRAINT "REVIEW_PK" PRIMARY KEY ("USER_ID", "LOCATION_ID")
  USING INDEX PCTFREE 10 INITRANS 2 MAXTRANS 255 
  STORAGE(INITIAL 65536 NEXT 1048576 MINEXTENTS 1 MAXEXTENTS 2147483645
  PCTINCREASE 0 FREELISTS 1 FREELIST GROUPS 1 BUFFER_POOL DEFAULT FLASH_CACHE DEFAULT CELL_FLASH_CACHE DEFAULT)
  TABLESPACE "SYSTEM"  ENABLE;
  ALTER TABLE "TOURISTBUDDY"."REVIEW" MODIFY ("LOCATION_ID" NOT NULL ENABLE);
  ALTER TABLE "TOURISTBUDDY"."REVIEW" MODIFY ("USER_ID" NOT NULL ENABLE);
--------------------------------------------------------
--  Constraints for Table TRAVEL
--------------------------------------------------------

  ALTER TABLE "TOURISTBUDDY"."TRAVEL" ADD CONSTRAINT "TRAVEL_PK" PRIMARY KEY ("TRAVEL_ID")
  USING INDEX PCTFREE 10 INITRANS 2 MAXTRANS 255 
  STORAGE(INITIAL 65536 NEXT 1048576 MINEXTENTS 1 MAXEXTENTS 2147483645
  PCTINCREASE 0 FREELISTS 1 FREELIST GROUPS 1 BUFFER_POOL DEFAULT FLASH_CACHE DEFAULT CELL_FLASH_CACHE DEFAULT)
  TABLESPACE "SYSTEM"  ENABLE;
  ALTER TABLE "TOURISTBUDDY"."TRAVEL" MODIFY ("TRANSPORT_TYPE" NOT NULL ENABLE);
  ALTER TABLE "TOURISTBUDDY"."TRAVEL" MODIFY ("DEST_ID" NOT NULL ENABLE);
  ALTER TABLE "TOURISTBUDDY"."TRAVEL" MODIFY ("SRC_ID" NOT NULL ENABLE);
  ALTER TABLE "TOURISTBUDDY"."TRAVEL" MODIFY ("TRAVEL_ID" NOT NULL ENABLE);
--------------------------------------------------------
--  Constraints for Table USERS
--------------------------------------------------------

  ALTER TABLE "TOURISTBUDDY"."USERS" ADD CONSTRAINT "USERS_PK" PRIMARY KEY ("USER_ID")
  USING INDEX PCTFREE 10 INITRANS 2 MAXTRANS 255 
  STORAGE(INITIAL 65536 NEXT 1048576 MINEXTENTS 1 MAXEXTENTS 2147483645
  PCTINCREASE 0 FREELISTS 1 FREELIST GROUPS 1 BUFFER_POOL DEFAULT FLASH_CACHE DEFAULT CELL_FLASH_CACHE DEFAULT)
  TABLESPACE "SYSTEM"  ENABLE;
  ALTER TABLE "TOURISTBUDDY"."USERS" MODIFY ("USER_PASSWORD" NOT NULL ENABLE);
  ALTER TABLE "TOURISTBUDDY"."USERS" MODIFY ("USER_NAME" NOT NULL ENABLE);
  ALTER TABLE "TOURISTBUDDY"."USERS" MODIFY ("USER_EMAIL" NOT NULL ENABLE);
  ALTER TABLE "TOURISTBUDDY"."USERS" MODIFY ("USER_ID" NOT NULL ENABLE);
--------------------------------------------------------
--  Ref Constraints for Table ADJACENT
--------------------------------------------------------

  ALTER TABLE "TOURISTBUDDY"."ADJACENT" ADD CONSTRAINT "ADJACENT_FK1" FOREIGN KEY ("SOURCE_ID")
	  REFERENCES "TOURISTBUDDY"."LOCATIONS" ("LOCATION_ID") ENABLE;
  ALTER TABLE "TOURISTBUDDY"."ADJACENT" ADD CONSTRAINT "ADJACENT_FK2" FOREIGN KEY ("DEST_ID")
	  REFERENCES "TOURISTBUDDY"."LOCATIONS" ("LOCATION_ID") ENABLE;
--------------------------------------------------------
--  Ref Constraints for Table AUTH_GROUP_PERMISSIONS
--------------------------------------------------------

  ALTER TABLE "TOURISTBUDDY"."AUTH_GROUP_PERMISSIONS" ADD CONSTRAINT "ADDF7DC27707A6E1060A25596DBF8B" FOREIGN KEY ("GROUP_ID")
	  REFERENCES "TOURISTBUDDY"."AUTH_GROUP" ("ID") DEFERRABLE INITIALLY DEFERRED ENABLE;
  ALTER TABLE "TOURISTBUDDY"."AUTH_GROUP_PERMISSIONS" ADD CONSTRAINT "DEA8AAF03FA86D3D8F699623426568" FOREIGN KEY ("PERMISSION_ID")
	  REFERENCES "TOURISTBUDDY"."AUTH_PERMISSION" ("ID") DEFERRABLE INITIALLY DEFERRED ENABLE;
--------------------------------------------------------
--  Ref Constraints for Table AUTH_PERMISSION
--------------------------------------------------------

  ALTER TABLE "TOURISTBUDDY"."AUTH_PERMISSION" ADD CONSTRAINT "D39442FB3E754339E579DBE2904644" FOREIGN KEY ("CONTENT_TYPE_ID")
	  REFERENCES "TOURISTBUDDY"."DJANGO_CONTENT_TYPE" ("ID") DEFERRABLE INITIALLY DEFERRED ENABLE;
--------------------------------------------------------
--  Ref Constraints for Table AUTH_USER_GROUPS
--------------------------------------------------------

  ALTER TABLE "TOURISTBUDDY"."AUTH_USER_GROUPS" ADD CONSTRAINT "C4B55AC5B20A2B84CAB2D0DC58448A" FOREIGN KEY ("USER_ID")
	  REFERENCES "TOURISTBUDDY"."AUTH_USER" ("ID") DEFERRABLE INITIALLY DEFERRED ENABLE;
  ALTER TABLE "TOURISTBUDDY"."AUTH_USER_GROUPS" ADD CONSTRAINT "D94D561721AD8D5C1BF1471688FE2E" FOREIGN KEY ("GROUP_ID")
	  REFERENCES "TOURISTBUDDY"."AUTH_GROUP" ("ID") DEFERRABLE INITIALLY DEFERRED ENABLE;
--------------------------------------------------------
--  Ref Constraints for Table AUTH_USER_USER_PERMISSIONS
--------------------------------------------------------

  ALTER TABLE "TOURISTBUDDY"."AUTH_USER_USER_PERMISSIONS" ADD CONSTRAINT "BEBF17CD3F14FA4D973F5354CCC900" FOREIGN KEY ("PERMISSION_ID")
	  REFERENCES "TOURISTBUDDY"."AUTH_PERMISSION" ("ID") DEFERRABLE INITIALLY DEFERRED ENABLE;
  ALTER TABLE "TOURISTBUDDY"."AUTH_USER_USER_PERMISSIONS" ADD CONSTRAINT "D734F7918E79F2342275312E9A0541" FOREIGN KEY ("USER_ID")
	  REFERENCES "TOURISTBUDDY"."AUTH_USER" ("ID") DEFERRABLE INITIALLY DEFERRED ENABLE;
--------------------------------------------------------
--  Ref Constraints for Table DJANGO_ADMIN_LOG
--------------------------------------------------------

  ALTER TABLE "TOURISTBUDDY"."DJANGO_ADMIN_LOG" ADD CONSTRAINT "CB91266122C1B5B215A24F2797E401" FOREIGN KEY ("USER_ID")
	  REFERENCES "TOURISTBUDDY"."AUTH_USER" ("ID") DEFERRABLE INITIALLY DEFERRED ENABLE;
  ALTER TABLE "TOURISTBUDDY"."DJANGO_ADMIN_LOG" ADD CONSTRAINT "D10DC3F9D7B11D61C48F4CA90017FE" FOREIGN KEY ("CONTENT_TYPE_ID")
	  REFERENCES "TOURISTBUDDY"."DJANGO_CONTENT_TYPE" ("ID") DEFERRABLE INITIALLY DEFERRED ENABLE;
--------------------------------------------------------
--  Ref Constraints for Table GUIDES
--------------------------------------------------------

  ALTER TABLE "TOURISTBUDDY"."GUIDES" ADD CONSTRAINT "GUIDE_FK1" FOREIGN KEY ("LOCATION_ID")
	  REFERENCES "TOURISTBUDDY"."LOCATIONS" ("LOCATION_ID") ENABLE;
  ALTER TABLE "TOURISTBUDDY"."GUIDES" ADD CONSTRAINT "GUIDE_FK2" FOREIGN KEY ("IMAGE_ID")
	  REFERENCES "TOURISTBUDDY"."IMAGES" ("IMAGE_ID") ENABLE;
--------------------------------------------------------
--  Ref Constraints for Table HOTELS
--------------------------------------------------------

  ALTER TABLE "TOURISTBUDDY"."HOTELS" ADD CONSTRAINT "HOTEL_FK1" FOREIGN KEY ("LOCATION_ID")
	  REFERENCES "TOURISTBUDDY"."LOCATIONS" ("LOCATION_ID") ENABLE;
--------------------------------------------------------
--  Ref Constraints for Table IMAGES_GUIDE
--------------------------------------------------------

  ALTER TABLE "TOURISTBUDDY"."IMAGES_GUIDE" ADD CONSTRAINT "IMAGES_GUIDE_FK1" FOREIGN KEY ("GUIDE_ID")
	  REFERENCES "TOURISTBUDDY"."GUIDES" ("GUIDE_ID") ENABLE;
  ALTER TABLE "TOURISTBUDDY"."IMAGES_GUIDE" ADD CONSTRAINT "IMAGES_GUIDE_FK2" FOREIGN KEY ("IMAGE_ID")
	  REFERENCES "TOURISTBUDDY"."IMAGES" ("IMAGE_ID") ENABLE;
--------------------------------------------------------
--  Ref Constraints for Table IMAGES_LOCATION
--------------------------------------------------------

  ALTER TABLE "TOURISTBUDDY"."IMAGES_LOCATION" ADD CONSTRAINT "IMAGE_LOCATION_FK1" FOREIGN KEY ("LOCATION_ID")
	  REFERENCES "TOURISTBUDDY"."LOCATIONS" ("LOCATION_ID") ENABLE;
  ALTER TABLE "TOURISTBUDDY"."IMAGES_LOCATION" ADD CONSTRAINT "IMAGE_LOCATION_FK2" FOREIGN KEY ("IMAGE_ID")
	  REFERENCES "TOURISTBUDDY"."IMAGES" ("IMAGE_ID") ENABLE;
--------------------------------------------------------
--  Ref Constraints for Table IMAGES_USER
--------------------------------------------------------

  ALTER TABLE "TOURISTBUDDY"."IMAGES_USER" ADD CONSTRAINT "IMAGES_USER_FK1" FOREIGN KEY ("IMAGE_ID")
	  REFERENCES "TOURISTBUDDY"."IMAGES" ("IMAGE_ID") ENABLE;
  ALTER TABLE "TOURISTBUDDY"."IMAGES_USER" ADD CONSTRAINT "IMAGES_USER_FK2" FOREIGN KEY ("USER_ID")
	  REFERENCES "TOURISTBUDDY"."USERS" ("USER_ID") ENABLE;
--------------------------------------------------------
--  Ref Constraints for Table LOCATIONS
--------------------------------------------------------

  ALTER TABLE "TOURISTBUDDY"."LOCATIONS" ADD CONSTRAINT "LOCATION_FK1" FOREIGN KEY ("DIST_ID")
	  REFERENCES "TOURISTBUDDY"."DISTRICTS" ("DIST_ID") ENABLE;
--------------------------------------------------------
--  Ref Constraints for Table MANAGE
--------------------------------------------------------

  ALTER TABLE "TOURISTBUDDY"."MANAGE" ADD CONSTRAINT "MANAGE_FK1" FOREIGN KEY ("GUIDE_ID")
	  REFERENCES "TOURISTBUDDY"."GUIDES" ("GUIDE_ID") ENABLE;
  ALTER TABLE "TOURISTBUDDY"."MANAGE" ADD CONSTRAINT "MANAGE_FK2" FOREIGN KEY ("LOCATION_ID")
	  REFERENCES "TOURISTBUDDY"."LOCATIONS" ("LOCATION_ID") ENABLE;
--------------------------------------------------------
--  Ref Constraints for Table TRAVEL
--------------------------------------------------------

  ALTER TABLE "TOURISTBUDDY"."TRAVEL" ADD CONSTRAINT "TRAVEL_FK1" FOREIGN KEY ("SRC_ID")
	  REFERENCES "TOURISTBUDDY"."LOCATIONS" ("LOCATION_ID") ENABLE;
  ALTER TABLE "TOURISTBUDDY"."TRAVEL" ADD CONSTRAINT "TRAVEL_FK2" FOREIGN KEY ("DEST_ID")
	  REFERENCES "TOURISTBUDDY"."LOCATIONS" ("LOCATION_ID") ENABLE;
--------------------------------------------------------
--  DDL for Trigger AUTH_GROUP_PERMISSIONS_TR
--------------------------------------------------------

  CREATE OR REPLACE TRIGGER "TOURISTBUDDY"."AUTH_GROUP_PERMISSIONS_TR" 
BEFORE INSERT ON "AUTH_GROUP_PERMISSIONS"
FOR EACH ROW
 WHEN (new."ID" IS NULL) BEGIN
        SELECT "AUTH_GROUP_PERMISSIONS_SQ".nextval
        INTO :new."ID" FROM dual;
    END;

/
ALTER TRIGGER "TOURISTBUDDY"."AUTH_GROUP_PERMISSIONS_TR" ENABLE;
--------------------------------------------------------
--  DDL for Trigger AUTH_GROUP_TR
--------------------------------------------------------

  CREATE OR REPLACE TRIGGER "TOURISTBUDDY"."AUTH_GROUP_TR" 
BEFORE INSERT ON "AUTH_GROUP"
FOR EACH ROW
 WHEN (new."ID" IS NULL) BEGIN
        SELECT "AUTH_GROUP_SQ".nextval
        INTO :new."ID" FROM dual;
    END;

/
ALTER TRIGGER "TOURISTBUDDY"."AUTH_GROUP_TR" ENABLE;
--------------------------------------------------------
--  DDL for Trigger AUTH_PERMISSION_TR
--------------------------------------------------------

  CREATE OR REPLACE TRIGGER "TOURISTBUDDY"."AUTH_PERMISSION_TR" 
BEFORE INSERT ON "AUTH_PERMISSION"
FOR EACH ROW
 WHEN (new."ID" IS NULL) BEGIN
        SELECT "AUTH_PERMISSION_SQ".nextval
        INTO :new."ID" FROM dual;
    END;

/
ALTER TRIGGER "TOURISTBUDDY"."AUTH_PERMISSION_TR" ENABLE;
--------------------------------------------------------
--  DDL for Trigger AUTH_USER_GROUPS_TR
--------------------------------------------------------

  CREATE OR REPLACE TRIGGER "TOURISTBUDDY"."AUTH_USER_GROUPS_TR" 
BEFORE INSERT ON "AUTH_USER_GROUPS"
FOR EACH ROW
 WHEN (new."ID" IS NULL) BEGIN
        SELECT "AUTH_USER_GROUPS_SQ".nextval
        INTO :new."ID" FROM dual;
    END;

/
ALTER TRIGGER "TOURISTBUDDY"."AUTH_USER_GROUPS_TR" ENABLE;
--------------------------------------------------------
--  DDL for Trigger AUTH_USER_TR
--------------------------------------------------------

  CREATE OR REPLACE TRIGGER "TOURISTBUDDY"."AUTH_USER_TR" 
BEFORE INSERT ON "AUTH_USER"
FOR EACH ROW
 WHEN (new."ID" IS NULL) BEGIN
        SELECT "AUTH_USER_SQ".nextval
        INTO :new."ID" FROM dual;
    END;

/
ALTER TRIGGER "TOURISTBUDDY"."AUTH_USER_TR" ENABLE;
--------------------------------------------------------
--  DDL for Trigger AUTH_USER_USER_PERMISSIONS_TR
--------------------------------------------------------

  CREATE OR REPLACE TRIGGER "TOURISTBUDDY"."AUTH_USER_USER_PERMISSIONS_TR" 
BEFORE INSERT ON "AUTH_USER_USER_PERMISSIONS"
FOR EACH ROW
 WHEN (new."ID" IS NULL) BEGIN
        SELECT "AUTH_USER_USER_PERMISSIONS_SQ".nextval
        INTO :new."ID" FROM dual;
    END;

/
ALTER TRIGGER "TOURISTBUDDY"."AUTH_USER_USER_PERMISSIONS_TR" ENABLE;
--------------------------------------------------------
--  DDL for Trigger DJANGO_ADMIN_LOG_TR
--------------------------------------------------------

  CREATE OR REPLACE TRIGGER "TOURISTBUDDY"."DJANGO_ADMIN_LOG_TR" 
BEFORE INSERT ON "DJANGO_ADMIN_LOG"
FOR EACH ROW
 WHEN (new."ID" IS NULL) BEGIN
        SELECT "DJANGO_ADMIN_LOG_SQ".nextval
        INTO :new."ID" FROM dual;
    END;

/
ALTER TRIGGER "TOURISTBUDDY"."DJANGO_ADMIN_LOG_TR" ENABLE;
--------------------------------------------------------
--  DDL for Trigger DJANGO_CONTENT_TYPE_TR
--------------------------------------------------------

  CREATE OR REPLACE TRIGGER "TOURISTBUDDY"."DJANGO_CONTENT_TYPE_TR" 
BEFORE INSERT ON "DJANGO_CONTENT_TYPE"
FOR EACH ROW
 WHEN (new."ID" IS NULL) BEGIN
        SELECT "DJANGO_CONTENT_TYPE_SQ".nextval
        INTO :new."ID" FROM dual;
    END;

/
ALTER TRIGGER "TOURISTBUDDY"."DJANGO_CONTENT_TYPE_TR" ENABLE;
--------------------------------------------------------
--  DDL for Trigger DJANGO_MIGRATIONS_TR
--------------------------------------------------------

  CREATE OR REPLACE TRIGGER "TOURISTBUDDY"."DJANGO_MIGRATIONS_TR" 
BEFORE INSERT ON "DJANGO_MIGRATIONS"
FOR EACH ROW
 WHEN (new."ID" IS NULL) BEGIN
        SELECT "DJANGO_MIGRATIONS_SQ".nextval
        INTO :new."ID" FROM dual;
    END;

/
ALTER TRIGGER "TOURISTBUDDY"."DJANGO_MIGRATIONS_TR" ENABLE;
--------------------------------------------------------
--  DDL for Trigger LOCATION_ID_TRIG
--------------------------------------------------------

  CREATE OR REPLACE TRIGGER "TOURISTBUDDY"."LOCATION_ID_TRIG" 
BEFORE INSERT ON LOCATIONS 
FOR EACH ROW
 WHEN (new."LOCATION_ID" IS NULL) BEGIN
        SELECT "LOCATION_SEQ".nextval
        INTO :new."LOCATION_ID" FROM dual;
    END;
--BEGIN
--  SELECT LOCATION_SEQ.NEXTVAL
--  INTO :NEW.LOCATION_ID
--  FROM DUAL;
--END;
/
ALTER TRIGGER "TOURISTBUDDY"."LOCATION_ID_TRIG" ENABLE;
